subject,window_id,start_sample,end_sample,start_time_seconds,end_time_seconds,wesad_label,stress_label
S10,12,6144,6656,96.0,104.0,1,0
S10,13,6656,7168,104.0,112.0,1,0
S10,14,7168,7680,112.0,120.0,1,0
S10,15,7680,8192,120.0,128.0,1,0
S10,16,8192,8704,128.0,136.0,1,0
S10,17,8704,9216,136.0,144.0,1,0
S10,18,9216,9728,144.0,152.0,1,0
S10,19,9728,10240,152.0,160.0,1,0
S10,20,10240,10752,160.0,168.0,1,0
S10,21,10752,11264,168.0,176.0,1,0
S10,22,11264,11776,176.0,184.0,1,0
S10,23,11776,12288,184.0,192.0,1,0
S10,24,12288,12800,192.0,200.0,1,0
S10,25,12800,13312,200.0,208.0,1,0
S10,26,13312,13824,208.0,216.0,1,0
S10,27,13824,14336,216.0,224.0,1,0
S10,28,14336,14848,224.0,232.0,1,0
S10,29,14848,15360,232.0,240.0,1,0
S10,30,15360,15872,240.0,248.0,1,0
S10,31,15872,16384,248.0,256.0,1,0
S10,32,16384,16896,256.0,264.0,1,0
S10,33,16896,17408,264.0,272.0,1,0
S10,34,17408,17920,272.0,280.0,1,0
S10,35,17920,18432,280.0,288.0,1,0
S10,36,18432,18944,288.0,296.0,1,0
S10,37,18944,19456,296.0,304.0,1,0
S10,38,19456,19968,304.0,312.0,1,0
S10,39,19968,20480,312.0,320.0,1,0
S10,40,20480,20992,320.0,328.0,1,0
S10,41,20992,21504,328.0,336.0,1,0
S10,42,21504,22016,336.0,344.0,1,0
S10,43,22016,22528,344.0,352.0,1,0
S10,44,22528,23040,352.0,360.0,1,0
S10,45,23040,23552,360.0,368.0,1,0
S10,46,23552,24064,368.0,376.0,1,0
S10,47,24064,24576,376.0,384.0,1,0
S10,48,24576,25088,384.0,392.0,1,0
S10,49,25088,25600,392.0,400.0,1,0
S10,50,25600,26112,400.0,408.0,1,0
S10,51,26112,26624,408.0,416.0,1,0
S10,52,26624,27136,416.0,424.0,1,0
S10,53,27136,27648,424.0,432.0,1,0
S10,54,27648,28160,432.0,440.0,1,0
S10,55,28160,28672,440.0,448.0,1,0
S10,56,28672,29184,448.0,456.0,1,0
S10,57,29184,29696,456.0,464.0,1,0
S10,58,29696,30208,464.0,472.0,1,0
S10,59,30208,30720,472.0,480.0,1,0
S10,60,30720,31232,480.0,488.0,1,0
S10,61,31232,31744,488.0,496.0,1,0
S10,62,31744,32256,496.0,504.0,1,0
S10,63,32256,32768,504.0,512.0,1,0
S10,64,32768,33280,512.0,520.0,1,0
S10,65,33280,33792,520.0,528.0,1,0
S10,66,33792,34304,528.0,536.0,1,0
S10,67,34304,34816,536.0,544.0,1,0
S10,68,34816,35328,544.0,552.0,1,0
S10,69,35328,35840,552.0,560.0,1,0
S10,70,35840,36352,560.0,568.0,1,0
S10,71,36352,36864,568.0,576.0,1,0
S10,72,36864,37376,576.0,584.0,1,0
S10,73,37376,37888,584.0,592.0,1,0
S10,74,37888,38400,592.0,600.0,1,0
S10,75,38400,38912,600.0,608.0,1,0
S10,76,38912,39424,608.0,616.0,1,0
S10,77,39424,39936,616.0,624.0,1,0
S10,78,39936,40448,624.0,632.0,1,0
S10,79,40448,40960,632.0,640.0,1,0
S10,80,40960,41472,640.0,648.0,1,0
S10,81,41472,41984,648.0,656.0,1,0
S10,82,41984,42496,656.0,664.0,1,0
S10,83,42496,43008,664.0,672.0,1,0
S10,84,43008,43520,672.0,680.0,1,0
S10,85,43520,44032,680.0,688.0,1,0
S10,86,44032,44544,688.0,696.0,1,0
S10,87,44544,45056,696.0,704.0,1,0
S10,88,45056,45568,704.0,712.0,1,0
S10,89,45568,46080,712.0,720.0,1,0
S10,90,46080,46592,720.0,728.0,1,0
S10,91,46592,47104,728.0,736.0,1,0
S10,92,47104,47616,736.0,744.0,1,0
S10,93,47616,48128,744.0,752.0,1,0
S10,94,48128,48640,752.0,760.0,1,0
S10,95,48640,49152,760.0,768.0,1,0
S10,96,49152,49664,768.0,776.0,1,0
S10,97,49664,50176,776.0,784.0,1,0
S10,98,50176,50688,784.0,792.0,1,0
S10,99,50688,51200,792.0,800.0,1,0
S10,100,51200,51712,800.0,808.0,1,0
S10,101,51712,52224,808.0,816.0,1,0
S10,102,52224,52736,816.0,824.0,1,0
S10,103,52736,53248,824.0,832.0,1,0
S10,104,53248,53760,832.0,840.0,1,0
S10,105,53760,54272,840.0,848.0,1,0
S10,106,54272,54784,848.0,856.0,1,0
S10,107,54784,55296,856.0,864.0,1,0
S10,108,55296,55808,864.0,872.0,1,0
S10,109,55808,56320,872.0,880.0,1,0
S10,110,56320,56832,880.0,888.0,1,0
S10,111,56832,57344,888.0,896.0,1,0
S10,112,57344,57856,896.0,904.0,1,0
S10,113,57856,58368,904.0,912.0,1,0
S10,114,58368,58880,912.0,920.0,1,0
S10,115,58880,59392,920.0,928.0,1,0
S10,116,59392,59904,928.0,936.0,1,0
S10,117,59904,60416,936.0,944.0,1,0
S10,118,60416,60928,944.0,952.0,1,0
S10,119,60928,61440,952.0,960.0,1,0
S10,120,61440,61952,960.0,968.0,1,0
S10,121,61952,62464,968.0,976.0,1,0
S10,122,62464,62976,976.0,984.0,1,0
S10,123,62976,63488,984.0,992.0,1,0
S10,124,63488,64000,992.0,1000.0,1,0
S10,125,64000,64512,1000.0,1008.0,1,0
S10,126,64512,65024,1008.0,1016.0,1,0
S10,127,65024,65536,1016.0,1024.0,1,0
S10,128,65536,66048,1024.0,1032.0,1,0
S10,129,66048,66560,1032.0,1040.0,1,0
S10,130,66560,67072,1040.0,1048.0,1,0
S10,131,67072,67584,1048.0,1056.0,1,0
S10,132,67584,68096,1056.0,1064.0,1,0
S10,133,68096,68608,1064.0,1072.0,1,0
S10,134,68608,69120,1072.0,1080.0,1,0
S10,135,69120,69632,1080.0,1088.0,1,0
S10,136,69632,70144,1088.0,1096.0,1,0
S10,137,70144,70656,1096.0,1104.0,1,0
S10,138,70656,71168,1104.0,1112.0,1,0
S10,139,71168,71680,1112.0,1120.0,1,0
S10,140,71680,72192,1120.0,1128.0,1,0
S10,141,72192,72704,1128.0,1136.0,1,0
S10,142,72704,73216,1136.0,1144.0,1,0
S10,143,73216,73728,1144.0,1152.0,1,0
S10,144,73728,74240,1152.0,1160.0,1,0
S10,145,74240,74752,1160.0,1168.0,1,0
S10,146,74752,75264,1168.0,1176.0,1,0
S10,147,75264,75776,1176.0,1184.0,1,0
S10,148,75776,76288,1184.0,1192.0,1,0
S10,149,76288,76800,1192.0,1200.0,1,0
S10,150,76800,77312,1200.0,1208.0,1,0
S10,151,77312,77824,1208.0,1216.0,1,0
S10,152,77824,78336,1216.0,1224.0,1,0
S10,153,78336,78848,1224.0,1232.0,1,0
S10,154,78848,79360,1232.0,1240.0,1,0
S10,155,79360,79872,1240.0,1248.0,1,0
S10,156,79872,80384,1248.0,1256.0,1,0
S10,157,80384,80896,1256.0,1264.0,1,0
S10,158,80896,81408,1264.0,1272.0,1,0
S10,199,101888,102400,1592.0,1600.0,3,0
S10,200,102400,102912,1600.0,1608.0,3,0
S10,201,102912,103424,1608.0,1616.0,3,0
S10,202,103424,103936,1616.0,1624.0,3,0
S10,203,103936,104448,1624.0,1632.0,3,0
S10,204,104448,104960,1632.0,1640.0,3,0
S10,205,104960,105472,1640.0,1648.0,3,0
S10,206,105472,105984,1648.0,1656.0,3,0
S10,207,105984,106496,1656.0,1664.0,3,0
S10,208,106496,107008,1664.0,1672.0,3,0
S10,209,107008,107520,1672.0,1680.0,3,0
S10,210,107520,108032,1680.0,1688.0,3,0
S10,211,108032,108544,1688.0,1696.0,3,0
S10,212,108544,109056,1696.0,1704.0,3,0
S10,213,109056,109568,1704.0,1712.0,3,0
S10,214,109568,110080,1712.0,1720.0,3,0
S10,215,110080,110592,1720.0,1728.0,3,0
S10,216,110592,111104,1728.0,1736.0,3,0
S10,217,111104,111616,1736.0,1744.0,3,0
S10,218,111616,112128,1744.0,1752.0,3,0
S10,219,112128,112640,1752.0,1760.0,3,0
S10,220,112640,113152,1760.0,1768.0,3,0
S10,221,113152,113664,1768.0,1776.0,3,0
S10,222,113664,114176,1776.0,1784.0,3,0
S10,223,114176,114688,1784.0,1792.0,3,0
S10,224,114688,115200,1792.0,1800.0,3,0
S10,225,115200,115712,1800.0,1808.0,3,0
S10,226,115712,116224,1808.0,1816.0,3,0
S10,227,116224,116736,1816.0,1824.0,3,0
S10,228,116736,117248,1824.0,1832.0,3,0
S10,229,117248,117760,1832.0,1840.0,3,0
S10,230,117760,118272,1840.0,1848.0,3,0
S10,231,118272,118784,1848.0,1856.0,3,0
S10,232,118784,119296,1856.0,1864.0,3,0
S10,233,119296,119808,1864.0,1872.0,3,0
S10,234,119808,120320,1872.0,1880.0,3,0
S10,235,120320,120832,1880.0,1888.0,3,0
S10,236,120832,121344,1888.0,1896.0,3,0
S10,237,121344,121856,1896.0,1904.0,3,0
S10,238,121856,122368,1904.0,1912.0,3,0
S10,239,122368,122880,1912.0,1920.0,3,0
S10,240,122880,123392,1920.0,1928.0,3,0
S10,241,123392,123904,1928.0,1936.0,3,0
S10,242,123904,124416,1936.0,1944.0,3,0
S10,243,124416,124928,1944.0,1952.0,3,0
S10,244,124928,125440,1952.0,1960.0,3,0
S10,245,125440,125952,1960.0,1968.0,3,0
S10,281,143872,144384,2248.0,2256.0,4,0
S10,282,144384,144896,2256.0,2264.0,4,0
S10,283,144896,145408,2264.0,2272.0,4,0
S10,284,145408,145920,2272.0,2280.0,4,0
S10,285,145920,146432,2280.0,2288.0,4,0
S10,286,146432,146944,2288.0,2296.0,4,0
S10,287,146944,147456,2296.0,2304.0,4,0
S10,288,147456,147968,2304.0,2312.0,4,0
S10,289,147968,148480,2312.0,2320.0,4,0
S10,290,148480,148992,2320.0,2328.0,4,0
S10,291,148992,149504,2328.0,2336.0,4,0
S10,292,149504,150016,2336.0,2344.0,4,0
S10,293,150016,150528,2344.0,2352.0,4,0
S10,294,150528,151040,2352.0,2360.0,4,0
S10,295,151040,151552,2360.0,2368.0,4,0
S10,296,151552,152064,2368.0,2376.0,4,0
S10,297,152064,152576,2376.0,2384.0,4,0
S10,298,152576,153088,2384.0,2392.0,4,0
S10,299,153088,153600,2392.0,2400.0,4,0
S10,300,153600,154112,2400.0,2408.0,4,0
S10,301,154112,154624,2408.0,2416.0,4,0
S10,302,154624,155136,2416.0,2424.0,4,0
S10,303,155136,155648,2424.0,2432.0,4,0
S10,304,155648,156160,2432.0,2440.0,4,0
S10,305,156160,156672,2440.0,2448.0,4,0
S10,306,156672,157184,2448.0,2456.0,4,0
S10,307,157184,157696,2456.0,2464.0,4,0
S10,308,157696,158208,2464.0,2472.0,4,0
S10,309,158208,158720,2472.0,2480.0,4,0
S10,310,158720,159232,2480.0,2488.0,4,0
S10,311,159232,159744,2488.0,2496.0,4,0
S10,312,159744,160256,2496.0,2504.0,4,0
S10,313,160256,160768,2504.0,2512.0,4,0
S10,314,160768,161280,2512.0,2520.0,4,0
S10,315,161280,161792,2520.0,2528.0,4,0
S10,316,161792,162304,2528.0,2536.0,4,0
S10,317,162304,162816,2536.0,2544.0,4,0
S10,318,162816,163328,2544.0,2552.0,4,0
S10,319,163328,163840,2552.0,2560.0,4,0
S10,320,163840,164352,2560.0,2568.0,4,0
S10,321,164352,164864,2568.0,2576.0,4,0
S10,322,164864,165376,2576.0,2584.0,4,0
S10,323,165376,165888,2584.0,2592.0,4,0
S10,324,165888,166400,2592.0,2600.0,4,0
S10,325,166400,166912,2600.0,2608.0,4,0
S10,326,166912,167424,2608.0,2616.0,4,0
S10,327,167424,167936,2616.0,2624.0,4,0
S10,328,167936,168448,2624.0,2632.0,4,0
S10,329,168448,168960,2632.0,2640.0,4,0
S10,399,204288,204800,3192.0,3200.0,2,1
S10,400,204800,205312,3200.0,3208.0,2,1
S10,401,205312,205824,3208.0,3216.0,2,1
S10,402,205824,206336,3216.0,3224.0,2,1
S10,403,206336,206848,3224.0,3232.0,2,1
S10,404,206848,207360,3232.0,3240.0,2,1
S10,405,207360,207872,3240.0,3248.0,2,1
S10,406,207872,208384,3248.0,3256.0,2,1
S10,407,208384,208896,3256.0,3264.0,2,1
S10,408,208896,209408,3264.0,3272.0,2,1
S10,409,209408,209920,3272.0,3280.0,2,1
S10,410,209920,210432,3280.0,3288.0,2,1
S10,411,210432,210944,3288.0,3296.0,2,1
S10,412,210944,211456,3296.0,3304.0,2,1
S10,413,211456,211968,3304.0,3312.0,2,1
S10,414,211968,212480,3312.0,3320.0,2,1
S10,415,212480,212992,3320.0,3328.0,2,1
S10,416,212992,213504,3328.0,3336.0,2,1
S10,417,213504,214016,3336.0,3344.0,2,1
S10,418,214016,214528,3344.0,3352.0,2,1
S10,419,214528,215040,3352.0,3360.0,2,1
S10,420,215040,215552,3360.0,3368.0,2,1
S10,421,215552,216064,3368.0,3376.0,2,1
S10,422,216064,216576,3376.0,3384.0,2,1
S10,423,216576,217088,3384.0,3392.0,2,1
S10,424,217088,217600,3392.0,3400.0,2,1
S10,425,217600,218112,3400.0,3408.0,2,1
S10,426,218112,218624,3408.0,3416.0,2,1
S10,427,218624,219136,3416.0,3424.0,2,1
S10,428,219136,219648,3424.0,3432.0,2,1
S10,429,219648,220160,3432.0,3440.0,2,1
S10,430,220160,220672,3440.0,3448.0,2,1
S10,431,220672,221184,3448.0,3456.0,2,1
S10,432,221184,221696,3456.0,3464.0,2,1
S10,433,221696,222208,3464.0,3472.0,2,1
S10,434,222208,222720,3472.0,3480.0,2,1
S10,435,222720,223232,3480.0,3488.0,2,1
S10,436,223232,223744,3488.0,3496.0,2,1
S10,437,223744,224256,3496.0,3504.0,2,1
S10,438,224256,224768,3504.0,3512.0,2,1
S10,439,224768,225280,3512.0,3520.0,2,1
S10,440,225280,225792,3520.0,3528.0,2,1
S10,441,225792,226304,3528.0,3536.0,2,1
S10,442,226304,226816,3536.0,3544.0,2,1
S10,443,226816,227328,3544.0,3552.0,2,1
S10,444,227328,227840,3552.0,3560.0,2,1
S10,445,227840,228352,3560.0,3568.0,2,1
S10,446,228352,228864,3568.0,3576.0,2,1
S10,447,228864,229376,3576.0,3584.0,2,1
S10,448,229376,229888,3584.0,3592.0,2,1
S10,449,229888,230400,3592.0,3600.0,2,1
S10,450,230400,230912,3600.0,3608.0,2,1
S10,451,230912,231424,3608.0,3616.0,2,1
S10,452,231424,231936,3616.0,3624.0,2,1
S10,453,231936,232448,3624.0,3632.0,2,1
S10,454,232448,232960,3632.0,3640.0,2,1
S10,455,232960,233472,3640.0,3648.0,2,1
S10,456,233472,233984,3648.0,3656.0,2,1
S10,457,233984,234496,3656.0,3664.0,2,1
S10,458,234496,235008,3664.0,3672.0,2,1
S10,459,235008,235520,3672.0,3680.0,2,1
S10,460,235520,236032,3680.0,3688.0,2,1
S10,461,236032,236544,3688.0,3696.0,2,1
S10,462,236544,237056,3696.0,3704.0,2,1
S10,463,237056,237568,3704.0,3712.0,2,1
S10,464,237568,238080,3712.0,3720.0,2,1
S10,465,238080,238592,3720.0,3728.0,2,1
S10,466,238592,239104,3728.0,3736.0,2,1
S10,467,239104,239616,3736.0,3744.0,2,1
S10,468,239616,240128,3744.0,3752.0,2,1
S10,469,240128,240640,3752.0,3760.0,2,1
S10,470,240640,241152,3760.0,3768.0,2,1
S10,471,241152,241664,3768.0,3776.0,2,1
S10,472,241664,242176,3776.0,3784.0,2,1
S10,473,242176,242688,3784.0,3792.0,2,1
S10,474,242688,243200,3792.0,3800.0,2,1
S10,475,243200,243712,3800.0,3808.0,2,1
S10,476,243712,244224,3808.0,3816.0,2,1
S10,477,244224,244736,3816.0,3824.0,2,1
S10,478,244736,245248,3824.0,3832.0,2,1
S10,479,245248,245760,3832.0,3840.0,2,1
S10,480,245760,246272,3840.0,3848.0,2,1
S10,481,246272,246784,3848.0,3856.0,2,1
S10,482,246784,247296,3856.0,3864.0,2,1
S10,483,247296,247808,3864.0,3872.0,2,1
S10,484,247808,248320,3872.0,3880.0,2,1
S10,485,248320,248832,3880.0,3888.0,2,1
S10,486,248832,249344,3888.0,3896.0,2,1
S10,487,249344,249856,3896.0,3904.0,2,1
S10,488,249856,250368,3904.0,3912.0,2,1
S10,489,250368,250880,3912.0,3920.0,2,1
S10,615,314880,315392,4920.0,4928.0,4,0
S10,616,315392,315904,4928.0,4936.0,4,0
S10,617,315904,316416,4936.0,4944.0,4,0
S10,618,316416,316928,4944.0,4952.0,4,0
S10,619,316928,317440,4952.0,4960.0,4,0
S10,620,317440,317952,4960.0,4968.0,4,0
S10,621,317952,318464,4968.0,4976.0,4,0
S10,622,318464,318976,4976.0,4984.0,4,0
S10,623,318976,319488,4984.0,4992.0,4,0
S10,624,319488,320000,4992.0,5000.0,4,0
S10,625,320000,320512,5000.0,5008.0,4,0
S10,626,320512,321024,5008.0,5016.0,4,0
S10,627,321024,321536,5016.0,5024.0,4,0
S10,628,321536,322048,5024.0,5032.0,4,0
S10,629,322048,322560,5032.0,5040.0,4,0
S10,630,322560,323072,5040.0,5048.0,4,0
S10,631,323072,323584,5048.0,5056.0,4,0
S10,632,323584,324096,5056.0,5064.0,4,0
S10,633,324096,324608,5064.0,5072.0,4,0
S10,634,324608,325120,5072.0,5080.0,4,0
S10,635,325120,325632,5080.0,5088.0,4,0
S10,636,325632,326144,5088.0,5096.0,4,0
S10,637,326144,326656,5096.0,5104.0,4,0
S10,638,326656,327168,5104.0,5112.0,4,0
S10,639,327168,327680,5112.0,5120.0,4,0
S10,640,327680,328192,5120.0,5128.0,4,0
S10,641,328192,328704,5128.0,5136.0,4,0
S10,642,328704,329216,5136.0,5144.0,4,0
S10,643,329216,329728,5144.0,5152.0,4,0
S10,644,329728,330240,5152.0,5160.0,4,0
S10,645,330240,330752,5160.0,5168.0,4,0
S10,646,330752,331264,5168.0,5176.0,4,0
S10,647,331264,331776,5176.0,5184.0,4,0
S10,648,331776,332288,5184.0,5192.0,4,0
S10,649,332288,332800,5192.0,5200.0,4,0
S10,650,332800,333312,5200.0,5208.0,4,0
S10,651,333312,333824,5208.0,5216.0,4,0
S10,652,333824,334336,5216.0,5224.0,4,0
S10,653,334336,334848,5224.0,5232.0,4,0
S10,654,334848,335360,5232.0,5240.0,4,0
S10,655,335360,335872,5240.0,5248.0,4,0
S10,656,335872,336384,5248.0,5256.0,4,0
S10,657,336384,336896,5256.0,5264.0,4,0
S10,658,336896,337408,5264.0,5272.0,4,0
S10,659,337408,337920,5272.0,5280.0,4,0
S10,660,337920,338432,5280.0,5288.0,4,0
S10,661,338432,338944,5288.0,5296.0,4,0
S10,662,338944,339456,5296.0,5304.0,4,0
S10,663,339456,339968,5304.0,5312.0,4,0
S10,664,339968,340480,5312.0,5320.0,4,0
S11,11,5632,6144,88.0,96.0,1,0
S11,12,6144,6656,96.0,104.0,1,0
S11,13,6656,7168,104.0,112.0,1,0
S11,14,7168,7680,112.0,120.0,1,0
S11,15,7680,8192,120.0,128.0,1,0
S11,16,8192,8704,128.0,136.0,1,0
S11,17,8704,9216,136.0,144.0,1,0
S11,18,9216,9728,144.0,152.0,1,0
S11,19,9728,10240,152.0,160.0,1,0
S11,20,10240,10752,160.0,168.0,1,0
S11,21,10752,11264,168.0,176.0,1,0
S11,22,11264,11776,176.0,184.0,1,0
S11,23,11776,12288,184.0,192.0,1,0
S11,24,12288,12800,192.0,200.0,1,0
S11,25,12800,13312,200.0,208.0,1,0
S11,26,13312,13824,208.0,216.0,1,0
S11,27,13824,14336,216.0,224.0,1,0
S11,28,14336,14848,224.0,232.0,1,0
S11,29,14848,15360,232.0,240.0,1,0
S11,30,15360,15872,240.0,248.0,1,0
S11,31,15872,16384,248.0,256.0,1,0
S11,32,16384,16896,256.0,264.0,1,0
S11,33,16896,17408,264.0,272.0,1,0
S11,34,17408,17920,272.0,280.0,1,0
S11,35,17920,18432,280.0,288.0,1,0
S11,36,18432,18944,288.0,296.0,1,0
S11,37,18944,19456,296.0,304.0,1,0
S11,38,19456,19968,304.0,312.0,1,0
S11,39,19968,20480,312.0,320.0,1,0
S11,40,20480,20992,320.0,328.0,1,0
S11,41,20992,21504,328.0,336.0,1,0
S11,42,21504,22016,336.0,344.0,1,0
S11,43,22016,22528,344.0,352.0,1,0
S11,44,22528,23040,352.0,360.0,1,0
S11,45,23040,23552,360.0,368.0,1,0
S11,46,23552,24064,368.0,376.0,1,0
S11,47,24064,24576,376.0,384.0,1,0
S11,48,24576,25088,384.0,392.0,1,0
S11,49,25088,25600,392.0,400.0,1,0
S11,50,25600,26112,400.0,408.0,1,0
S11,51,26112,26624,408.0,416.0,1,0
S11,52,26624,27136,416.0,424.0,1,0
S11,53,27136,27648,424.0,432.0,1,0
S11,54,27648,28160,432.0,440.0,1,0
S11,55,28160,28672,440.0,448.0,1,0
S11,56,28672,29184,448.0,456.0,1,0
S11,57,29184,29696,456.0,464.0,1,0
S11,58,29696,30208,464.0,472.0,1,0
S11,59,30208,30720,472.0,480.0,1,0
S11,60,30720,31232,480.0,488.0,1,0
S11,61,31232,31744,488.0,496.0,1,0
S11,62,31744,32256,496.0,504.0,1,0
S11,63,32256,32768,504.0,512.0,1,0
S11,64,32768,33280,512.0,520.0,1,0
S11,65,33280,33792,520.0,528.0,1,0
S11,66,33792,34304,528.0,536.0,1,0
S11,67,34304,34816,536.0,544.0,1,0
S11,68,34816,35328,544.0,552.0,1,0
S11,69,35328,35840,552.0,560.0,1,0
S11,70,35840,36352,560.0,568.0,1,0
S11,71,36352,36864,568.0,576.0,1,0
S11,72,36864,37376,576.0,584.0,1,0
S11,73,37376,37888,584.0,592.0,1,0
S11,74,37888,38400,592.0,600.0,1,0
S11,75,38400,38912,600.0,608.0,1,0
S11,76,38912,39424,608.0,616.0,1,0
S11,77,39424,39936,616.0,624.0,1,0
S11,78,39936,40448,624.0,632.0,1,0
S11,79,40448,40960,632.0,640.0,1,0
S11,80,40960,41472,640.0,648.0,1,0
S11,81,41472,41984,648.0,656.0,1,0
S11,82,41984,42496,656.0,664.0,1,0
S11,83,42496,43008,664.0,672.0,1,0
S11,84,43008,43520,672.0,680.0,1,0
S11,85,43520,44032,680.0,688.0,1,0
S11,86,44032,44544,688.0,696.0,1,0
S11,87,44544,45056,696.0,704.0,1,0
S11,88,45056,45568,704.0,712.0,1,0
S11,89,45568,46080,712.0,720.0,1,0
S11,90,46080,46592,720.0,728.0,1,0
S11,91,46592,47104,728.0,736.0,1,0
S11,92,47104,47616,736.0,744.0,1,0
S11,93,47616,48128,744.0,752.0,1,0
S11,94,48128,48640,752.0,760.0,1,0
S11,95,48640,49152,760.0,768.0,1,0
S11,96,49152,49664,768.0,776.0,1,0
S11,97,49664,50176,776.0,784.0,1,0
S11,98,50176,50688,784.0,792.0,1,0
S11,99,50688,51200,792.0,800.0,1,0
S11,100,51200,51712,800.0,808.0,1,0
S11,101,51712,52224,808.0,816.0,1,0
S11,102,52224,52736,816.0,824.0,1,0
S11,103,52736,53248,824.0,832.0,1,0
S11,104,53248,53760,832.0,840.0,1,0
S11,105,53760,54272,840.0,848.0,1,0
S11,106,54272,54784,848.0,856.0,1,0
S11,107,54784,55296,856.0,864.0,1,0
S11,108,55296,55808,864.0,872.0,1,0
S11,109,55808,56320,872.0,880.0,1,0
S11,110,56320,56832,880.0,888.0,1,0
S11,111,56832,57344,888.0,896.0,1,0
S11,112,57344,57856,896.0,904.0,1,0
S11,113,57856,58368,904.0,912.0,1,0
S11,114,58368,58880,912.0,920.0,1,0
S11,115,58880,59392,920.0,928.0,1,0
S11,116,59392,59904,928.0,936.0,1,0
S11,117,59904,60416,936.0,944.0,1,0
S11,118,60416,60928,944.0,952.0,1,0
S11,119,60928,61440,952.0,960.0,1,0
S11,120,61440,61952,960.0,968.0,1,0
S11,121,61952,62464,968.0,976.0,1,0
S11,122,62464,62976,976.0,984.0,1,0
S11,123,62976,63488,984.0,992.0,1,0
S11,124,63488,64000,992.0,1000.0,1,0
S11,125,64000,64512,1000.0,1008.0,1,0
S11,126,64512,65024,1008.0,1016.0,1,0
S11,127,65024,65536,1016.0,1024.0,1,0
S11,128,65536,66048,1024.0,1032.0,1,0
S11,129,66048,66560,1032.0,1040.0,1,0
S11,130,66560,67072,1040.0,1048.0,1,0
S11,131,67072,67584,1048.0,1056.0,1,0
S11,132,67584,68096,1056.0,1064.0,1,0
S11,133,68096,68608,1064.0,1072.0,1,0
S11,134,68608,69120,1072.0,1080.0,1,0
S11,135,69120,69632,1080.0,1088.0,1,0
S11,136,69632,70144,1088.0,1096.0,1,0
S11,137,70144,70656,1096.0,1104.0,1,0
S11,138,70656,71168,1104.0,1112.0,1,0
S11,139,71168,71680,1112.0,1120.0,1,0
S11,140,71680,72192,1120.0,1128.0,1,0
S11,141,72192,72704,1128.0,1136.0,1,0
S11,142,72704,73216,1136.0,1144.0,1,0
S11,143,73216,73728,1144.0,1152.0,1,0
S11,144,73728,74240,1152.0,1160.0,1,0
S11,145,74240,74752,1160.0,1168.0,1,0
S11,146,74752,75264,1168.0,1176.0,1,0
S11,147,75264,75776,1176.0,1184.0,1,0
S11,148,75776,76288,1184.0,1192.0,1,0
S11,149,76288,76800,1192.0,1200.0,1,0
S11,150,76800,77312,1200.0,1208.0,1,0
S11,151,77312,77824,1208.0,1216.0,1,0
S11,152,77824,78336,1216.0,1224.0,1,0
S11,153,78336,78848,1224.0,1232.0,1,0
S11,154,78848,79360,1232.0,1240.0,1,0
S11,155,79360,79872,1240.0,1248.0,1,0
S11,156,79872,80384,1248.0,1256.0,1,0
S11,157,80384,80896,1256.0,1264.0,1,0
S11,238,121856,122368,1904.0,1912.0,2,1
S11,239,122368,122880,1912.0,1920.0,2,1
S11,240,122880,123392,1920.0,1928.0,2,1
S11,241,123392,123904,1928.0,1936.0,2,1
S11,242,123904,124416,1936.0,1944.0,2,1
S11,243,124416,124928,1944.0,1952.0,2,1
S11,244,124928,125440,1952.0,1960.0,2,1
S11,245,125440,125952,1960.0,1968.0,2,1
S11,246,125952,126464,1968.0,1976.0,2,1
S11,247,126464,126976,1976.0,1984.0,2,1
S11,248,126976,127488,1984.0,1992.0,2,1
S11,249,127488,128000,1992.0,2000.0,2,1
S11,250,128000,128512,2000.0,2008.0,2,1
S11,251,128512,129024,2008.0,2016.0,2,1
S11,252,129024,129536,2016.0,2024.0,2,1
S11,253,129536,130048,2024.0,2032.0,2,1
S11,254,130048,130560,2032.0,2040.0,2,1
S11,255,130560,131072,2040.0,2048.0,2,1
S11,256,131072,131584,2048.0,2056.0,2,1
S11,257,131584,132096,2056.0,2064.0,2,1
S11,258,132096,132608,2064.0,2072.0,2,1
S11,259,132608,133120,2072.0,2080.0,2,1
S11,260,133120,133632,2080.0,2088.0,2,1
S11,261,133632,134144,2088.0,2096.0,2,1
S11,262,134144,134656,2096.0,2104.0,2,1
S11,263,134656,135168,2104.0,2112.0,2,1
S11,264,135168,135680,2112.0,2120.0,2,1
S11,265,135680,136192,2120.0,2128.0,2,1
S11,266,136192,136704,2128.0,2136.0,2,1
S11,267,136704,137216,2136.0,2144.0,2,1
S11,268,137216,137728,2144.0,2152.0,2,1
S11,269,137728,138240,2152.0,2160.0,2,1
S11,270,138240,138752,2160.0,2168.0,2,1
S11,271,138752,139264,2168.0,2176.0,2,1
S11,272,139264,139776,2176.0,2184.0,2,1
S11,273,139776,140288,2184.0,2192.0,2,1
S11,274,140288,140800,2192.0,2200.0,2,1
S11,275,140800,141312,2200.0,2208.0,2,1
S11,276,141312,141824,2208.0,2216.0,2,1
S11,277,141824,142336,2216.0,2224.0,2,1
S11,278,142336,142848,2224.0,2232.0,2,1
S11,279,142848,143360,2232.0,2240.0,2,1
S11,280,143360,143872,2240.0,2248.0,2,1
S11,281,143872,144384,2248.0,2256.0,2,1
S11,282,144384,144896,2256.0,2264.0,2,1
S11,283,144896,145408,2264.0,2272.0,2,1
S11,284,145408,145920,2272.0,2280.0,2,1
S11,285,145920,146432,2280.0,2288.0,2,1
S11,286,146432,146944,2288.0,2296.0,2,1
S11,287,146944,147456,2296.0,2304.0,2,1
S11,288,147456,147968,2304.0,2312.0,2,1
S11,289,147968,148480,2312.0,2320.0,2,1
S11,290,148480,148992,2320.0,2328.0,2,1
S11,291,148992,149504,2328.0,2336.0,2,1
S11,292,149504,150016,2336.0,2344.0,2,1
S11,293,150016,150528,2344.0,2352.0,2,1
S11,294,150528,151040,2352.0,2360.0,2,1
S11,295,151040,151552,2360.0,2368.0,2,1
S11,296,151552,152064,2368.0,2376.0,2,1
S11,297,152064,152576,2376.0,2384.0,2,1
S11,298,152576,153088,2384.0,2392.0,2,1
S11,299,153088,153600,2392.0,2400.0,2,1
S11,300,153600,154112,2400.0,2408.0,2,1
S11,301,154112,154624,2408.0,2416.0,2,1
S11,302,154624,155136,2416.0,2424.0,2,1
S11,303,155136,155648,2424.0,2432.0,2,1
S11,304,155648,156160,2432.0,2440.0,2,1
S11,305,156160,156672,2440.0,2448.0,2,1
S11,306,156672,157184,2448.0,2456.0,2,1
S11,307,157184,157696,2456.0,2464.0,2,1
S11,308,157696,158208,2464.0,2472.0,2,1
S11,309,158208,158720,2472.0,2480.0,2,1
S11,310,158720,159232,2480.0,2488.0,2,1
S11,311,159232,159744,2488.0,2496.0,2,1
S11,312,159744,160256,2496.0,2504.0,2,1
S11,313,160256,160768,2504.0,2512.0,2,1
S11,314,160768,161280,2512.0,2520.0,2,1
S11,315,161280,161792,2520.0,2528.0,2,1
S11,316,161792,162304,2528.0,2536.0,2,1
S11,317,162304,162816,2536.0,2544.0,2,1
S11,318,162816,163328,2544.0,2552.0,2,1
S11,319,163328,163840,2552.0,2560.0,2,1
S11,320,163840,164352,2560.0,2568.0,2,1
S11,321,164352,164864,2568.0,2576.0,2,1
S11,322,164864,165376,2576.0,2584.0,2,1
S11,447,228864,229376,3576.0,3584.0,4,0
S11,448,229376,229888,3584.0,3592.0,4,0
S11,449,229888,230400,3592.0,3600.0,4,0
S11,450,230400,230912,3600.0,3608.0,4,0
S11,451,230912,231424,3608.0,3616.0,4,0
S11,452,231424,231936,3616.0,3624.0,4,0
S11,453,231936,232448,3624.0,3632.0,4,0
S11,454,232448,232960,3632.0,3640.0,4,0
S11,455,232960,233472,3640.0,3648.0,4,0
S11,456,233472,233984,3648.0,3656.0,4,0
S11,457,233984,234496,3656.0,3664.0,4,0
S11,458,234496,235008,3664.0,3672.0,4,0
S11,459,235008,235520,3672.0,3680.0,4,0
S11,460,235520,236032,3680.0,3688.0,4,0
S11,461,236032,236544,3688.0,3696.0,4,0
S11,462,236544,237056,3696.0,3704.0,4,0
S11,463,237056,237568,3704.0,3712.0,4,0
S11,464,237568,238080,3712.0,3720.0,4,0
S11,465,238080,238592,3720.0,3728.0,4,0
S11,466,238592,239104,3728.0,3736.0,4,0
S11,467,239104,239616,3736.0,3744.0,4,0
S11,468,239616,240128,3744.0,3752.0,4,0
S11,469,240128,240640,3752.0,3760.0,4,0
S11,470,240640,241152,3760.0,3768.0,4,0
S11,471,241152,241664,3768.0,3776.0,4,0
S11,472,241664,242176,3776.0,3784.0,4,0
S11,473,242176,242688,3784.0,3792.0,4,0
S11,474,242688,243200,3792.0,3800.0,4,0
S11,475,243200,243712,3800.0,3808.0,4,0
S11,476,243712,244224,3808.0,3816.0,4,0
S11,477,244224,244736,3816.0,3824.0,4,0
S11,478,244736,245248,3824.0,3832.0,4,0
S11,479,245248,245760,3832.0,3840.0,4,0
S11,480,245760,246272,3840.0,3848.0,4,0
S11,481,246272,246784,3848.0,3856.0,4,0
S11,482,246784,247296,3856.0,3864.0,4,0
S11,483,247296,247808,3864.0,3872.0,4,0
S11,484,247808,248320,3872.0,3880.0,4,0
S11,485,248320,248832,3880.0,3888.0,4,0
S11,486,248832,249344,3888.0,3896.0,4,0
S11,487,249344,249856,3896.0,3904.0,4,0
S11,488,249856,250368,3904.0,3912.0,4,0
S11,489,250368,250880,3912.0,3920.0,4,0
S11,490,250880,251392,3920.0,3928.0,4,0
S11,491,251392,251904,3928.0,3936.0,4,0
S11,492,251904,252416,3936.0,3944.0,4,0
S11,493,252416,252928,3944.0,3952.0,4,0
S11,494,252928,253440,3952.0,3960.0,4,0
S11,495,253440,253952,3960.0,3968.0,4,0
S11,514,263168,263680,4112.0,4120.0,3,0
S11,515,263680,264192,4120.0,4128.0,3,0
S11,516,264192,264704,4128.0,4136.0,3,0
S11,517,264704,265216,4136.0,4144.0,3,0
S11,518,265216,265728,4144.0,4152.0,3,0
S11,519,265728,266240,4152.0,4160.0,3,0
S11,520,266240,266752,4160.0,4168.0,3,0
S11,521,266752,267264,4168.0,4176.0,3,0
S11,522,267264,267776,4176.0,4184.0,3,0
S11,523,267776,268288,4184.0,4192.0,3,0
S11,524,268288,268800,4192.0,4200.0,3,0
S11,525,268800,269312,4200.0,4208.0,3,0
S11,526,269312,269824,4208.0,4216.0,3,0
S11,527,269824,270336,4216.0,4224.0,3,0
S11,528,270336,270848,4224.0,4232.0,3,0
S11,529,270848,271360,4232.0,4240.0,3,0
S11,530,271360,271872,4240.0,4248.0,3,0
S11,531,271872,272384,4248.0,4256.0,3,0
S11,532,272384,272896,4256.0,4264.0,3,0
S11,533,272896,273408,4264.0,4272.0,3,0
S11,534,273408,273920,4272.0,4280.0,3,0
S11,535,273920,274432,4280.0,4288.0,3,0
S11,536,274432,274944,4288.0,4296.0,3,0
S11,537,274944,275456,4296.0,4304.0,3,0
S11,538,275456,275968,4304.0,4312.0,3,0
S11,539,275968,276480,4312.0,4320.0,3,0
S11,540,276480,276992,4320.0,4328.0,3,0
S11,541,276992,277504,4328.0,4336.0,3,0
S11,542,277504,278016,4336.0,4344.0,3,0
S11,543,278016,278528,4344.0,4352.0,3,0
S11,544,278528,279040,4352.0,4360.0,3,0
S11,545,279040,279552,4360.0,4368.0,3,0
S11,546,279552,280064,4368.0,4376.0,3,0
S11,547,280064,280576,4376.0,4384.0,3,0
S11,548,280576,281088,4384.0,4392.0,3,0
S11,549,281088,281600,4392.0,4400.0,3,0
S11,550,281600,282112,4400.0,4408.0,3,0
S11,551,282112,282624,4408.0,4416.0,3,0
S11,552,282624,283136,4416.0,4424.0,3,0
S11,553,283136,283648,4424.0,4432.0,3,0
S11,554,283648,284160,4432.0,4440.0,3,0
S11,555,284160,284672,4440.0,4448.0,3,0
S11,556,284672,285184,4448.0,4456.0,3,0
S11,557,285184,285696,4456.0,4464.0,3,0
S11,558,285696,286208,4464.0,4472.0,3,0
S11,559,286208,286720,4472.0,4480.0,3,0
S11,586,300032,300544,4688.0,4696.0,4,0
S11,587,300544,301056,4696.0,4704.0,4,0
S11,588,301056,301568,4704.0,4712.0,4,0
S11,589,301568,302080,4712.0,4720.0,4,0
S11,590,302080,302592,4720.0,4728.0,4,0
S11,591,302592,303104,4728.0,4736.0,4,0
S11,592,303104,303616,4736.0,4744.0,4,0
S11,593,303616,304128,4744.0,4752.0,4,0
S11,594,304128,304640,4752.0,4760.0,4,0
S11,595,304640,305152,4760.0,4768.0,4,0
S11,596,305152,305664,4768.0,4776.0,4,0
S11,597,305664,306176,4776.0,4784.0,4,0
S11,598,306176,306688,4784.0,4792.0,4,0
S11,599,306688,307200,4792.0,4800.0,4,0
S11,600,307200,307712,4800.0,4808.0,4,0
S11,601,307712,308224,4808.0,4816.0,4,0
S11,602,308224,308736,4816.0,4824.0,4,0
S11,603,308736,309248,4824.0,4832.0,4,0
S11,604,309248,309760,4832.0,4840.0,4,0
S11,605,309760,310272,4840.0,4848.0,4,0
S11,606,310272,310784,4848.0,4856.0,4,0
S11,607,310784,311296,4856.0,4864.0,4,0
S11,608,311296,311808,4864.0,4872.0,4,0
S11,609,311808,312320,4872.0,4880.0,4,0
S11,610,312320,312832,4880.0,4888.0,4,0
S11,611,312832,313344,4888.0,4896.0,4,0
S11,612,313344,313856,4896.0,4904.0,4,0
S11,613,313856,314368,4904.0,4912.0,4,0
S11,614,314368,314880,4912.0,4920.0,4,0
S11,615,314880,315392,4920.0,4928.0,4,0
S11,616,315392,315904,4928.0,4936.0,4,0
S11,617,315904,316416,4936.0,4944.0,4,0
S11,618,316416,316928,4944.0,4952.0,4,0
S11,619,316928,317440,4952.0,4960.0,4,0
S11,620,317440,317952,4960.0,4968.0,4,0
S11,621,317952,318464,4968.0,4976.0,4,0
S11,622,318464,318976,4976.0,4984.0,4,0
S11,623,318976,319488,4984.0,4992.0,4,0
S11,624,319488,320000,4992.0,5000.0,4,0
S11,625,320000,320512,5000.0,5008.0,4,0
S11,626,320512,321024,5008.0,5016.0,4,0
S11,627,321024,321536,5016.0,5024.0,4,0
S11,628,321536,322048,5024.0,5032.0,4,0
S11,629,322048,322560,5032.0,5040.0,4,0
S11,630,322560,323072,5040.0,5048.0,4,0
S11,631,323072,323584,5048.0,5056.0,4,0
S11,632,323584,324096,5056.0,5064.0,4,0
S11,633,324096,324608,5064.0,5072.0,4,0
S11,634,324608,325120,5072.0,5080.0,4,0
S11,635,325120,325632,5080.0,5088.0,4,0
S2,38,19456,19968,304.0,312.0,1,0
S2,39,19968,20480,312.0,320.0,1,0
S2,40,20480,20992,320.0,328.0,1,0
S2,41,20992,21504,328.0,336.0,1,0
S2,42,21504,22016,336.0,344.0,1,0
S2,43,22016,22528,344.0,352.0,1,0
S2,44,22528,23040,352.0,360.0,1,0
S2,45,23040,23552,360.0,368.0,1,0
S2,46,23552,24064,368.0,376.0,1,0
S2,47,24064,24576,376.0,384.0,1,0
S2,48,24576,25088,384.0,392.0,1,0
S2,49,25088,25600,392.0,400.0,1,0
S2,50,25600,26112,400.0,408.0,1,0
S2,51,26112,26624,408.0,416.0,1,0
S2,52,26624,27136,416.0,424.0,1,0
S2,53,27136,27648,424.0,432.0,1,0
S2,54,27648,28160,432.0,440.0,1,0
S2,55,28160,28672,440.0,448.0,1,0
S2,56,28672,29184,448.0,456.0,1,0
S2,57,29184,29696,456.0,464.0,1,0
S2,58,29696,30208,464.0,472.0,1,0
S2,59,30208,30720,472.0,480.0,1,0
S2,60,30720,31232,480.0,488.0,1,0
S2,61,31232,31744,488.0,496.0,1,0
S2,62,31744,32256,496.0,504.0,1,0
S2,63,32256,32768,504.0,512.0,1,0
S2,64,32768,33280,512.0,520.0,1,0
S2,65,33280,33792,520.0,528.0,1,0
S2,66,33792,34304,528.0,536.0,1,0
S2,67,34304,34816,536.0,544.0,1,0
S2,68,34816,35328,544.0,552.0,1,0
S2,69,35328,35840,552.0,560.0,1,0
S2,70,35840,36352,560.0,568.0,1,0
S2,71,36352,36864,568.0,576.0,1,0
S2,72,36864,37376,576.0,584.0,1,0
S2,73,37376,37888,584.0,592.0,1,0
S2,74,37888,38400,592.0,600.0,1,0
S2,75,38400,38912,600.0,608.0,1,0
S2,76,38912,39424,608.0,616.0,1,0
S2,77,39424,39936,616.0,624.0,1,0
S2,78,39936,40448,624.0,632.0,1,0
S2,79,40448,40960,632.0,640.0,1,0
S2,80,40960,41472,640.0,648.0,1,0
S2,81,41472,41984,648.0,656.0,1,0
S2,82,41984,42496,656.0,664.0,1,0
S2,83,42496,43008,664.0,672.0,1,0
S2,84,43008,43520,672.0,680.0,1,0
S2,85,43520,44032,680.0,688.0,1,0
S2,86,44032,44544,688.0,696.0,1,0
S2,87,44544,45056,696.0,704.0,1,0
S2,88,45056,45568,704.0,712.0,1,0
S2,89,45568,46080,712.0,720.0,1,0
S2,90,46080,46592,720.0,728.0,1,0
S2,91,46592,47104,728.0,736.0,1,0
S2,92,47104,47616,736.0,744.0,1,0
S2,93,47616,48128,744.0,752.0,1,0
S2,94,48128,48640,752.0,760.0,1,0
S2,95,48640,49152,760.0,768.0,1,0
S2,96,49152,49664,768.0,776.0,1,0
S2,97,49664,50176,776.0,784.0,1,0
S2,98,50176,50688,784.0,792.0,1,0
S2,99,50688,51200,792.0,800.0,1,0
S2,100,51200,51712,800.0,808.0,1,0
S2,101,51712,52224,808.0,816.0,1,0
S2,102,52224,52736,816.0,824.0,1,0
S2,103,52736,53248,824.0,832.0,1,0
S2,104,53248,53760,832.0,840.0,1,0
S2,105,53760,54272,840.0,848.0,1,0
S2,106,54272,54784,848.0,856.0,1,0
S2,107,54784,55296,856.0,864.0,1,0
S2,108,55296,55808,864.0,872.0,1,0
S2,109,55808,56320,872.0,880.0,1,0
S2,110,56320,56832,880.0,888.0,1,0
S2,111,56832,57344,888.0,896.0,1,0
S2,112,57344,57856,896.0,904.0,1,0
S2,113,57856,58368,904.0,912.0,1,0
S2,114,58368,58880,912.0,920.0,1,0
S2,115,58880,59392,920.0,928.0,1,0
S2,116,59392,59904,928.0,936.0,1,0
S2,117,59904,60416,936.0,944.0,1,0
S2,118,60416,60928,944.0,952.0,1,0
S2,119,60928,61440,952.0,960.0,1,0
S2,120,61440,61952,960.0,968.0,1,0
S2,121,61952,62464,968.0,976.0,1,0
S2,122,62464,62976,976.0,984.0,1,0
S2,123,62976,63488,984.0,992.0,1,0
S2,124,63488,64000,992.0,1000.0,1,0
S2,125,64000,64512,1000.0,1008.0,1,0
S2,126,64512,65024,1008.0,1016.0,1,0
S2,127,65024,65536,1016.0,1024.0,1,0
S2,128,65536,66048,1024.0,1032.0,1,0
S2,129,66048,66560,1032.0,1040.0,1,0
S2,130,66560,67072,1040.0,1048.0,1,0
S2,131,67072,67584,1048.0,1056.0,1,0
S2,132,67584,68096,1056.0,1064.0,1,0
S2,133,68096,68608,1064.0,1072.0,1,0
S2,134,68608,69120,1072.0,1080.0,1,0
S2,135,69120,69632,1080.0,1088.0,1,0
S2,136,69632,70144,1088.0,1096.0,1,0
S2,137,70144,70656,1096.0,1104.0,1,0
S2,138,70656,71168,1104.0,1112.0,1,0
S2,139,71168,71680,1112.0,1120.0,1,0
S2,140,71680,72192,1120.0,1128.0,1,0
S2,141,72192,72704,1128.0,1136.0,1,0
S2,142,72704,73216,1136.0,1144.0,1,0
S2,143,73216,73728,1144.0,1152.0,1,0
S2,144,73728,74240,1152.0,1160.0,1,0
S2,145,74240,74752,1160.0,1168.0,1,0
S2,146,74752,75264,1168.0,1176.0,1,0
S2,147,75264,75776,1176.0,1184.0,1,0
S2,148,75776,76288,1184.0,1192.0,1,0
S2,149,76288,76800,1192.0,1200.0,1,0
S2,150,76800,77312,1200.0,1208.0,1,0
S2,151,77312,77824,1208.0,1216.0,1,0
S2,152,77824,78336,1216.0,1224.0,1,0
S2,153,78336,78848,1224.0,1232.0,1,0
S2,154,78848,79360,1232.0,1240.0,1,0
S2,155,79360,79872,1240.0,1248.0,1,0
S2,156,79872,80384,1248.0,1256.0,1,0
S2,157,80384,80896,1256.0,1264.0,1,0
S2,158,80896,81408,1264.0,1272.0,1,0
S2,159,81408,81920,1272.0,1280.0,1,0
S2,160,81920,82432,1280.0,1288.0,1,0
S2,161,82432,82944,1288.0,1296.0,1,0
S2,162,82944,83456,1296.0,1304.0,1,0
S2,163,83456,83968,1304.0,1312.0,1,0
S2,164,83968,84480,1312.0,1320.0,1,0
S2,165,84480,84992,1320.0,1328.0,1,0
S2,166,84992,85504,1328.0,1336.0,1,0
S2,167,85504,86016,1336.0,1344.0,1,0
S2,168,86016,86528,1344.0,1352.0,1,0
S2,169,86528,87040,1352.0,1360.0,1,0
S2,170,87040,87552,1360.0,1368.0,1,0
S2,171,87552,88064,1368.0,1376.0,1,0
S2,172,88064,88576,1376.0,1384.0,1,0
S2,173,88576,89088,1384.0,1392.0,1,0
S2,174,89088,89600,1392.0,1400.0,1,0
S2,175,89600,90112,1400.0,1408.0,1,0
S2,176,90112,90624,1408.0,1416.0,1,0
S2,177,90624,91136,1416.0,1424.0,1,0
S2,178,91136,91648,1424.0,1432.0,1,0
S2,179,91648,92160,1432.0,1440.0,1,0
S2,180,92160,92672,1440.0,1448.0,1,0
S2,284,145408,145920,2272.0,2280.0,2,1
S2,285,145920,146432,2280.0,2288.0,2,1
S2,286,146432,146944,2288.0,2296.0,2,1
S2,287,146944,147456,2296.0,2304.0,2,1
S2,288,147456,147968,2304.0,2312.0,2,1
S2,289,147968,148480,2312.0,2320.0,2,1
S2,290,148480,148992,2320.0,2328.0,2,1
S2,291,148992,149504,2328.0,2336.0,2,1
S2,292,149504,150016,2336.0,2344.0,2,1
S2,293,150016,150528,2344.0,2352.0,2,1
S2,294,150528,151040,2352.0,2360.0,2,1
S2,295,151040,151552,2360.0,2368.0,2,1
S2,296,151552,152064,2368.0,2376.0,2,1
S2,297,152064,152576,2376.0,2384.0,2,1
S2,298,152576,153088,2384.0,2392.0,2,1
S2,299,153088,153600,2392.0,2400.0,2,1
S2,300,153600,154112,2400.0,2408.0,2,1
S2,301,154112,154624,2408.0,2416.0,2,1
S2,302,154624,155136,2416.0,2424.0,2,1
S2,303,155136,155648,2424.0,2432.0,2,1
S2,304,155648,156160,2432.0,2440.0,2,1
S2,305,156160,156672,2440.0,2448.0,2,1
S2,306,156672,157184,2448.0,2456.0,2,1
S2,307,157184,157696,2456.0,2464.0,2,1
S2,308,157696,158208,2464.0,2472.0,2,1
S2,309,158208,158720,2472.0,2480.0,2,1
S2,310,158720,159232,2480.0,2488.0,2,1
S2,311,159232,159744,2488.0,2496.0,2,1
S2,312,159744,160256,2496.0,2504.0,2,1
S2,313,160256,160768,2504.0,2512.0,2,1
S2,314,160768,161280,2512.0,2520.0,2,1
S2,315,161280,161792,2520.0,2528.0,2,1
S2,316,161792,162304,2528.0,2536.0,2,1
S2,317,162304,162816,2536.0,2544.0,2,1
S2,318,162816,163328,2544.0,2552.0,2,1
S2,319,163328,163840,2552.0,2560.0,2,1
S2,320,163840,164352,2560.0,2568.0,2,1
S2,321,164352,164864,2568.0,2576.0,2,1
S2,322,164864,165376,2576.0,2584.0,2,1
S2,323,165376,165888,2584.0,2592.0,2,1
S2,324,165888,166400,2592.0,2600.0,2,1
S2,325,166400,166912,2600.0,2608.0,2,1
S2,326,166912,167424,2608.0,2616.0,2,1
S2,327,167424,167936,2616.0,2624.0,2,1
S2,328,167936,168448,2624.0,2632.0,2,1
S2,329,168448,168960,2632.0,2640.0,2,1
S2,330,168960,169472,2640.0,2648.0,2,1
S2,331,169472,169984,2648.0,2656.0,2,1
S2,332,169984,170496,2656.0,2664.0,2,1
S2,333,170496,171008,2664.0,2672.0,2,1
S2,334,171008,171520,2672.0,2680.0,2,1
S2,335,171520,172032,2680.0,2688.0,2,1
S2,336,172032,172544,2688.0,2696.0,2,1
S2,337,172544,173056,2696.0,2704.0,2,1
S2,338,173056,173568,2704.0,2712.0,2,1
S2,339,173568,174080,2712.0,2720.0,2,1
S2,340,174080,174592,2720.0,2728.0,2,1
S2,341,174592,175104,2728.0,2736.0,2,1
S2,342,175104,175616,2736.0,2744.0,2,1
S2,343,175616,176128,2744.0,2752.0,2,1
S2,344,176128,176640,2752.0,2760.0,2,1
S2,345,176640,177152,2760.0,2768.0,2,1
S2,346,177152,177664,2768.0,2776.0,2,1
S2,347,177664,178176,2776.0,2784.0,2,1
S2,348,178176,178688,2784.0,2792.0,2,1
S2,349,178688,179200,2792.0,2800.0,2,1
S2,350,179200,179712,2800.0,2808.0,2,1
S2,351,179712,180224,2808.0,2816.0,2,1
S2,352,180224,180736,2816.0,2824.0,2,1
S2,353,180736,181248,2824.0,2832.0,2,1
S2,354,181248,181760,2832.0,2840.0,2,1
S2,355,181760,182272,2840.0,2848.0,2,1
S2,356,182272,182784,2848.0,2856.0,2,1
S2,357,182784,183296,2856.0,2864.0,2,1
S2,358,183296,183808,2864.0,2872.0,2,1
S2,359,183808,184320,2872.0,2880.0,2,1
S2,360,184320,184832,2880.0,2888.0,2,1
S2,512,262144,262656,4096.0,4104.0,4,0
S2,513,262656,263168,4104.0,4112.0,4,0
S2,514,263168,263680,4112.0,4120.0,4,0
S2,515,263680,264192,4120.0,4128.0,4,0
S2,516,264192,264704,4128.0,4136.0,4,0
S2,517,264704,265216,4136.0,4144.0,4,0
S2,518,265216,265728,4144.0,4152.0,4,0
S2,519,265728,266240,4152.0,4160.0,4,0
S2,520,266240,266752,4160.0,4168.0,4,0
S2,521,266752,267264,4168.0,4176.0,4,0
S2,522,267264,267776,4176.0,4184.0,4,0
S2,523,267776,268288,4184.0,4192.0,4,0
S2,524,268288,268800,4192.0,4200.0,4,0
S2,525,268800,269312,4200.0,4208.0,4,0
S2,526,269312,269824,4208.0,4216.0,4,0
S2,527,269824,270336,4216.0,4224.0,4,0
S2,528,270336,270848,4224.0,4232.0,4,0
S2,529,270848,271360,4232.0,4240.0,4,0
S2,530,271360,271872,4240.0,4248.0,4,0
S2,531,271872,272384,4248.0,4256.0,4,0
S2,532,272384,272896,4256.0,4264.0,4,0
S2,533,272896,273408,4264.0,4272.0,4,0
S2,534,273408,273920,4272.0,4280.0,4,0
S2,535,273920,274432,4280.0,4288.0,4,0
S2,536,274432,274944,4288.0,4296.0,4,0
S2,537,274944,275456,4296.0,4304.0,4,0
S2,538,275456,275968,4304.0,4312.0,4,0
S2,539,275968,276480,4312.0,4320.0,4,0
S2,540,276480,276992,4320.0,4328.0,4,0
S2,541,276992,277504,4328.0,4336.0,4,0
S2,542,277504,278016,4336.0,4344.0,4,0
S2,543,278016,278528,4344.0,4352.0,4,0
S2,544,278528,279040,4352.0,4360.0,4,0
S2,545,279040,279552,4360.0,4368.0,4,0
S2,546,279552,280064,4368.0,4376.0,4,0
S2,547,280064,280576,4376.0,4384.0,4,0
S2,548,280576,281088,4384.0,4392.0,4,0
S2,549,281088,281600,4392.0,4400.0,4,0
S2,550,281600,282112,4400.0,4408.0,4,0
S2,551,282112,282624,4408.0,4416.0,4,0
S2,552,282624,283136,4416.0,4424.0,4,0
S2,553,283136,283648,4424.0,4432.0,4,0
S2,554,283648,284160,4432.0,4440.0,4,0
S2,555,284160,284672,4440.0,4448.0,4,0
S2,556,284672,285184,4448.0,4456.0,4,0
S2,557,285184,285696,4456.0,4464.0,4,0
S2,558,285696,286208,4464.0,4472.0,4,0
S2,559,286208,286720,4472.0,4480.0,4,0
S2,560,286720,287232,4480.0,4488.0,4,0
S2,595,304640,305152,4760.0,4768.0,3,0
S2,596,305152,305664,4768.0,4776.0,3,0
S2,597,305664,306176,4776.0,4784.0,3,0
S2,598,306176,306688,4784.0,4792.0,3,0
S2,599,306688,307200,4792.0,4800.0,3,0
S2,600,307200,307712,4800.0,4808.0,3,0
S2,601,307712,308224,4808.0,4816.0,3,0
S2,602,308224,308736,4816.0,4824.0,3,0
S2,603,308736,309248,4824.0,4832.0,3,0
S2,604,309248,309760,4832.0,4840.0,3,0
S2,605,309760,310272,4840.0,4848.0,3,0
S2,606,310272,310784,4848.0,4856.0,3,0
S2,607,310784,311296,4856.0,4864.0,3,0
S2,608,311296,311808,4864.0,4872.0,3,0
S2,609,311808,312320,4872.0,4880.0,3,0
S2,610,312320,312832,4880.0,4888.0,3,0
S2,611,312832,313344,4888.0,4896.0,3,0
S2,612,313344,313856,4896.0,4904.0,3,0
S2,613,313856,314368,4904.0,4912.0,3,0
S2,614,314368,314880,4912.0,4920.0,3,0
S2,615,314880,315392,4920.0,4928.0,3,0
S2,616,315392,315904,4928.0,4936.0,3,0
S2,617,315904,316416,4936.0,4944.0,3,0
S2,618,316416,316928,4944.0,4952.0,3,0
S2,619,316928,317440,4952.0,4960.0,3,0
S2,620,317440,317952,4960.0,4968.0,3,0
S2,621,317952,318464,4968.0,4976.0,3,0
S2,622,318464,318976,4976.0,4984.0,3,0
S2,623,318976,319488,4984.0,4992.0,3,0
S2,624,319488,320000,4992.0,5000.0,3,0
S2,625,320000,320512,5000.0,5008.0,3,0
S2,626,320512,321024,5008.0,5016.0,3,0
S2,627,321024,321536,5016.0,5024.0,3,0
S2,628,321536,322048,5024.0,5032.0,3,0
S2,629,322048,322560,5032.0,5040.0,3,0
S2,630,322560,323072,5040.0,5048.0,3,0
S2,631,323072,323584,5048.0,5056.0,3,0
S2,632,323584,324096,5056.0,5064.0,3,0
S2,633,324096,324608,5064.0,5072.0,3,0
S2,634,324608,325120,5072.0,5080.0,3,0
S2,635,325120,325632,5080.0,5088.0,3,0
S2,636,325632,326144,5088.0,5096.0,3,0
S2,637,326144,326656,5096.0,5104.0,3,0
S2,638,326656,327168,5104.0,5112.0,3,0
S2,639,327168,327680,5112.0,5120.0,3,0
S2,640,327680,328192,5120.0,5128.0,3,0
S2,687,351744,352256,5496.0,5504.0,4,0
S2,688,352256,352768,5504.0,5512.0,4,0
S2,689,352768,353280,5512.0,5520.0,4,0
S2,690,353280,353792,5520.0,5528.0,4,0
S2,691,353792,354304,5528.0,5536.0,4,0
S2,692,354304,354816,5536.0,5544.0,4,0
S2,693,354816,355328,5544.0,5552.0,4,0
S2,694,355328,355840,5552.0,5560.0,4,0
S2,695,355840,356352,5560.0,5568.0,4,0
S2,696,356352,356864,5568.0,5576.0,4,0
S2,697,356864,357376,5576.0,5584.0,4,0
S2,698,357376,357888,5584.0,5592.0,4,0
S2,699,357888,358400,5592.0,5600.0,4,0
S2,700,358400,358912,5600.0,5608.0,4,0
S2,701,358912,359424,5608.0,5616.0,4,0
S2,702,359424,359936,5616.0,5624.0,4,0
S2,703,359936,360448,5624.0,5632.0,4,0
S2,704,360448,360960,5632.0,5640.0,4,0
S2,705,360960,361472,5640.0,5648.0,4,0
S2,706,361472,361984,5648.0,5656.0,4,0
S2,707,361984,362496,5656.0,5664.0,4,0
S2,708,362496,363008,5664.0,5672.0,4,0
S2,709,363008,363520,5672.0,5680.0,4,0
S2,710,363520,364032,5680.0,5688.0,4,0
S2,711,364032,364544,5688.0,5696.0,4,0
S2,712,364544,365056,5696.0,5704.0,4,0
S2,713,365056,365568,5704.0,5712.0,4,0
S2,714,365568,366080,5712.0,5720.0,4,0
S2,715,366080,366592,5720.0,5728.0,4,0
S2,716,366592,367104,5728.0,5736.0,4,0
S2,717,367104,367616,5736.0,5744.0,4,0
S2,718,367616,368128,5744.0,5752.0,4,0
S2,719,368128,368640,5752.0,5760.0,4,0
S2,720,368640,369152,5760.0,5768.0,4,0
S2,721,369152,369664,5768.0,5776.0,4,0
S2,722,369664,370176,5776.0,5784.0,4,0
S2,723,370176,370688,5784.0,5792.0,4,0
S2,724,370688,371200,5792.0,5800.0,4,0
S2,725,371200,371712,5800.0,5808.0,4,0
S2,726,371712,372224,5808.0,5816.0,4,0
S2,727,372224,372736,5816.0,5824.0,4,0
S2,728,372736,373248,5824.0,5832.0,4,0
S2,729,373248,373760,5832.0,5840.0,4,0
S2,730,373760,374272,5840.0,5848.0,4,0
S2,731,374272,374784,5848.0,5856.0,4,0
S2,732,374784,375296,5856.0,5864.0,4,0
S2,733,375296,375808,5864.0,5872.0,4,0
S3,44,22528,23040,352.0,360.0,1,0
S3,45,23040,23552,360.0,368.0,1,0
S3,46,23552,24064,368.0,376.0,1,0
S3,47,24064,24576,376.0,384.0,1,0
S3,48,24576,25088,384.0,392.0,1,0
S3,49,25088,25600,392.0,400.0,1,0
S3,50,25600,26112,400.0,408.0,1,0
S3,51,26112,26624,408.0,416.0,1,0
S3,52,26624,27136,416.0,424.0,1,0
S3,53,27136,27648,424.0,432.0,1,0
S3,54,27648,28160,432.0,440.0,1,0
S3,55,28160,28672,440.0,448.0,1,0
S3,56,28672,29184,448.0,456.0,1,0
S3,57,29184,29696,456.0,464.0,1,0
S3,58,29696,30208,464.0,472.0,1,0
S3,59,30208,30720,472.0,480.0,1,0
S3,60,30720,31232,480.0,488.0,1,0
S3,61,31232,31744,488.0,496.0,1,0
S3,62,31744,32256,496.0,504.0,1,0
S3,63,32256,32768,504.0,512.0,1,0
S3,64,32768,33280,512.0,520.0,1,0
S3,65,33280,33792,520.0,528.0,1,0
S3,66,33792,34304,528.0,536.0,1,0
S3,67,34304,34816,536.0,544.0,1,0
S3,68,34816,35328,544.0,552.0,1,0
S3,69,35328,35840,552.0,560.0,1,0
S3,70,35840,36352,560.0,568.0,1,0
S3,71,36352,36864,568.0,576.0,1,0
S3,72,36864,37376,576.0,584.0,1,0
S3,73,37376,37888,584.0,592.0,1,0
S3,74,37888,38400,592.0,600.0,1,0
S3,75,38400,38912,600.0,608.0,1,0
S3,76,38912,39424,608.0,616.0,1,0
S3,77,39424,39936,616.0,624.0,1,0
S3,78,39936,40448,624.0,632.0,1,0
S3,79,40448,40960,632.0,640.0,1,0
S3,80,40960,41472,640.0,648.0,1,0
S3,81,41472,41984,648.0,656.0,1,0
S3,82,41984,42496,656.0,664.0,1,0
S3,83,42496,43008,664.0,672.0,1,0
S3,84,43008,43520,672.0,680.0,1,0
S3,85,43520,44032,680.0,688.0,1,0
S3,86,44032,44544,688.0,696.0,1,0
S3,87,44544,45056,696.0,704.0,1,0
S3,88,45056,45568,704.0,712.0,1,0
S3,89,45568,46080,712.0,720.0,1,0
S3,90,46080,46592,720.0,728.0,1,0
S3,91,46592,47104,728.0,736.0,1,0
S3,92,47104,47616,736.0,744.0,1,0
S3,93,47616,48128,744.0,752.0,1,0
S3,94,48128,48640,752.0,760.0,1,0
S3,95,48640,49152,760.0,768.0,1,0
S3,96,49152,49664,768.0,776.0,1,0
S3,97,49664,50176,776.0,784.0,1,0
S3,98,50176,50688,784.0,792.0,1,0
S3,99,50688,51200,792.0,800.0,1,0
S3,100,51200,51712,800.0,808.0,1,0
S3,101,51712,52224,808.0,816.0,1,0
S3,102,52224,52736,816.0,824.0,1,0
S3,103,52736,53248,824.0,832.0,1,0
S3,104,53248,53760,832.0,840.0,1,0
S3,105,53760,54272,840.0,848.0,1,0
S3,106,54272,54784,848.0,856.0,1,0
S3,107,54784,55296,856.0,864.0,1,0
S3,108,55296,55808,864.0,872.0,1,0
S3,109,55808,56320,872.0,880.0,1,0
S3,110,56320,56832,880.0,888.0,1,0
S3,111,56832,57344,888.0,896.0,1,0
S3,112,57344,57856,896.0,904.0,1,0
S3,113,57856,58368,904.0,912.0,1,0
S3,114,58368,58880,912.0,920.0,1,0
S3,115,58880,59392,920.0,928.0,1,0
S3,116,59392,59904,928.0,936.0,1,0
S3,117,59904,60416,936.0,944.0,1,0
S3,118,60416,60928,944.0,952.0,1,0
S3,119,60928,61440,952.0,960.0,1,0
S3,120,61440,61952,960.0,968.0,1,0
S3,121,61952,62464,968.0,976.0,1,0
S3,122,62464,62976,976.0,984.0,1,0
S3,123,62976,63488,984.0,992.0,1,0
S3,124,63488,64000,992.0,1000.0,1,0
S3,125,64000,64512,1000.0,1008.0,1,0
S3,126,64512,65024,1008.0,1016.0,1,0
S3,127,65024,65536,1016.0,1024.0,1,0
S3,128,65536,66048,1024.0,1032.0,1,0
S3,129,66048,66560,1032.0,1040.0,1,0
S3,130,66560,67072,1040.0,1048.0,1,0
S3,131,67072,67584,1048.0,1056.0,1,0
S3,132,67584,68096,1056.0,1064.0,1,0
S3,133,68096,68608,1064.0,1072.0,1,0
S3,134,68608,69120,1072.0,1080.0,1,0
S3,135,69120,69632,1080.0,1088.0,1,0
S3,136,69632,70144,1088.0,1096.0,1,0
S3,137,70144,70656,1096.0,1104.0,1,0
S3,138,70656,71168,1104.0,1112.0,1,0
S3,139,71168,71680,1112.0,1120.0,1,0
S3,140,71680,72192,1120.0,1128.0,1,0
S3,141,72192,72704,1128.0,1136.0,1,0
S3,142,72704,73216,1136.0,1144.0,1,0
S3,143,73216,73728,1144.0,1152.0,1,0
S3,144,73728,74240,1152.0,1160.0,1,0
S3,145,74240,74752,1160.0,1168.0,1,0
S3,146,74752,75264,1168.0,1176.0,1,0
S3,147,75264,75776,1176.0,1184.0,1,0
S3,148,75776,76288,1184.0,1192.0,1,0
S3,149,76288,76800,1192.0,1200.0,1,0
S3,150,76800,77312,1200.0,1208.0,1,0
S3,151,77312,77824,1208.0,1216.0,1,0
S3,152,77824,78336,1216.0,1224.0,1,0
S3,153,78336,78848,1224.0,1232.0,1,0
S3,154,78848,79360,1232.0,1240.0,1,0
S3,155,79360,79872,1240.0,1248.0,1,0
S3,156,79872,80384,1248.0,1256.0,1,0
S3,157,80384,80896,1256.0,1264.0,1,0
S3,158,80896,81408,1264.0,1272.0,1,0
S3,159,81408,81920,1272.0,1280.0,1,0
S3,160,81920,82432,1280.0,1288.0,1,0
S3,161,82432,82944,1288.0,1296.0,1,0
S3,162,82944,83456,1296.0,1304.0,1,0
S3,163,83456,83968,1304.0,1312.0,1,0
S3,164,83968,84480,1312.0,1320.0,1,0
S3,165,84480,84992,1320.0,1328.0,1,0
S3,166,84992,85504,1328.0,1336.0,1,0
S3,167,85504,86016,1336.0,1344.0,1,0
S3,168,86016,86528,1344.0,1352.0,1,0
S3,169,86528,87040,1352.0,1360.0,1,0
S3,170,87040,87552,1360.0,1368.0,1,0
S3,171,87552,88064,1368.0,1376.0,1,0
S3,172,88064,88576,1376.0,1384.0,1,0
S3,173,88576,89088,1384.0,1392.0,1,0
S3,174,89088,89600,1392.0,1400.0,1,0
S3,175,89600,90112,1400.0,1408.0,1,0
S3,176,90112,90624,1408.0,1416.0,1,0
S3,177,90624,91136,1416.0,1424.0,1,0
S3,178,91136,91648,1424.0,1432.0,1,0
S3,179,91648,92160,1432.0,1440.0,1,0
S3,180,92160,92672,1440.0,1448.0,1,0
S3,181,92672,93184,1448.0,1456.0,1,0
S3,182,93184,93696,1456.0,1464.0,1,0
S3,183,93696,94208,1464.0,1472.0,1,0
S3,184,94208,94720,1472.0,1480.0,1,0
S3,185,94720,95232,1480.0,1488.0,1,0
S3,186,95232,95744,1488.0,1496.0,1,0
S3,280,143360,143872,2240.0,2248.0,2,1
S3,281,143872,144384,2248.0,2256.0,2,1
S3,282,144384,144896,2256.0,2264.0,2,1
S3,283,144896,145408,2264.0,2272.0,2,1
S3,284,145408,145920,2272.0,2280.0,2,1
S3,285,145920,146432,2280.0,2288.0,2,1
S3,286,146432,146944,2288.0,2296.0,2,1
S3,287,146944,147456,2296.0,2304.0,2,1
S3,288,147456,147968,2304.0,2312.0,2,1
S3,289,147968,148480,2312.0,2320.0,2,1
S3,290,148480,148992,2320.0,2328.0,2,1
S3,291,148992,149504,2328.0,2336.0,2,1
S3,292,149504,150016,2336.0,2344.0,2,1
S3,293,150016,150528,2344.0,2352.0,2,1
S3,294,150528,151040,2352.0,2360.0,2,1
S3,295,151040,151552,2360.0,2368.0,2,1
S3,296,151552,152064,2368.0,2376.0,2,1
S3,297,152064,152576,2376.0,2384.0,2,1
S3,298,152576,153088,2384.0,2392.0,2,1
S3,299,153088,153600,2392.0,2400.0,2,1
S3,300,153600,154112,2400.0,2408.0,2,1
S3,301,154112,154624,2408.0,2416.0,2,1
S3,302,154624,155136,2416.0,2424.0,2,1
S3,303,155136,155648,2424.0,2432.0,2,1
S3,304,155648,156160,2432.0,2440.0,2,1
S3,305,156160,156672,2440.0,2448.0,2,1
S3,306,156672,157184,2448.0,2456.0,2,1
S3,307,157184,157696,2456.0,2464.0,2,1
S3,308,157696,158208,2464.0,2472.0,2,1
S3,309,158208,158720,2472.0,2480.0,2,1
S3,310,158720,159232,2480.0,2488.0,2,1
S3,311,159232,159744,2488.0,2496.0,2,1
S3,312,159744,160256,2496.0,2504.0,2,1
S3,313,160256,160768,2504.0,2512.0,2,1
S3,314,160768,161280,2512.0,2520.0,2,1
S3,315,161280,161792,2520.0,2528.0,2,1
S3,316,161792,162304,2528.0,2536.0,2,1
S3,317,162304,162816,2536.0,2544.0,2,1
S3,318,162816,163328,2544.0,2552.0,2,1
S3,319,163328,163840,2552.0,2560.0,2,1
S3,320,163840,164352,2560.0,2568.0,2,1
S3,321,164352,164864,2568.0,2576.0,2,1
S3,322,164864,165376,2576.0,2584.0,2,1
S3,323,165376,165888,2584.0,2592.0,2,1
S3,324,165888,166400,2592.0,2600.0,2,1
S3,325,166400,166912,2600.0,2608.0,2,1
S3,326,166912,167424,2608.0,2616.0,2,1
S3,327,167424,167936,2616.0,2624.0,2,1
S3,328,167936,168448,2624.0,2632.0,2,1
S3,329,168448,168960,2632.0,2640.0,2,1
S3,330,168960,169472,2640.0,2648.0,2,1
S3,331,169472,169984,2648.0,2656.0,2,1
S3,332,169984,170496,2656.0,2664.0,2,1
S3,333,170496,171008,2664.0,2672.0,2,1
S3,334,171008,171520,2672.0,2680.0,2,1
S3,335,171520,172032,2680.0,2688.0,2,1
S3,336,172032,172544,2688.0,2696.0,2,1
S3,337,172544,173056,2696.0,2704.0,2,1
S3,338,173056,173568,2704.0,2712.0,2,1
S3,339,173568,174080,2712.0,2720.0,2,1
S3,340,174080,174592,2720.0,2728.0,2,1
S3,341,174592,175104,2728.0,2736.0,2,1
S3,342,175104,175616,2736.0,2744.0,2,1
S3,343,175616,176128,2744.0,2752.0,2,1
S3,344,176128,176640,2752.0,2760.0,2,1
S3,345,176640,177152,2760.0,2768.0,2,1
S3,346,177152,177664,2768.0,2776.0,2,1
S3,347,177664,178176,2776.0,2784.0,2,1
S3,348,178176,178688,2784.0,2792.0,2,1
S3,349,178688,179200,2792.0,2800.0,2,1
S3,350,179200,179712,2800.0,2808.0,2,1
S3,351,179712,180224,2808.0,2816.0,2,1
S3,352,180224,180736,2816.0,2824.0,2,1
S3,353,180736,181248,2824.0,2832.0,2,1
S3,354,181248,181760,2832.0,2840.0,2,1
S3,355,181760,182272,2840.0,2848.0,2,1
S3,356,182272,182784,2848.0,2856.0,2,1
S3,357,182784,183296,2856.0,2864.0,2,1
S3,358,183296,183808,2864.0,2872.0,2,1
S3,359,183808,184320,2872.0,2880.0,2,1
S3,537,274944,275456,4296.0,4304.0,4,0
S3,538,275456,275968,4304.0,4312.0,4,0
S3,539,275968,276480,4312.0,4320.0,4,0
S3,540,276480,276992,4320.0,4328.0,4,0
S3,541,276992,277504,4328.0,4336.0,4,0
S3,542,277504,278016,4336.0,4344.0,4,0
S3,543,278016,278528,4344.0,4352.0,4,0
S3,544,278528,279040,4352.0,4360.0,4,0
S3,545,279040,279552,4360.0,4368.0,4,0
S3,546,279552,280064,4368.0,4376.0,4,0
S3,547,280064,280576,4376.0,4384.0,4,0
S3,548,280576,281088,4384.0,4392.0,4,0
S3,549,281088,281600,4392.0,4400.0,4,0
S3,550,281600,282112,4400.0,4408.0,4,0
S3,551,282112,282624,4408.0,4416.0,4,0
S3,552,282624,283136,4416.0,4424.0,4,0
S3,553,283136,283648,4424.0,4432.0,4,0
S3,554,283648,284160,4432.0,4440.0,4,0
S3,555,284160,284672,4440.0,4448.0,4,0
S3,556,284672,285184,4448.0,4456.0,4,0
S3,557,285184,285696,4456.0,4464.0,4,0
S3,558,285696,286208,4464.0,4472.0,4,0
S3,559,286208,286720,4472.0,4480.0,4,0
S3,560,286720,287232,4480.0,4488.0,4,0
S3,561,287232,287744,4488.0,4496.0,4,0
S3,562,287744,288256,4496.0,4504.0,4,0
S3,563,288256,288768,4504.0,4512.0,4,0
S3,564,288768,289280,4512.0,4520.0,4,0
S3,565,289280,289792,4520.0,4528.0,4,0
S3,566,289792,290304,4528.0,4536.0,4,0
S3,567,290304,290816,4536.0,4544.0,4,0
S3,568,290816,291328,4544.0,4552.0,4,0
S3,569,291328,291840,4552.0,4560.0,4,0
S3,570,291840,292352,4560.0,4568.0,4,0
S3,571,292352,292864,4568.0,4576.0,4,0
S3,572,292864,293376,4576.0,4584.0,4,0
S3,573,293376,293888,4584.0,4592.0,4,0
S3,574,293888,294400,4592.0,4600.0,4,0
S3,575,294400,294912,4600.0,4608.0,4,0
S3,576,294912,295424,4608.0,4616.0,4,0
S3,577,295424,295936,4616.0,4624.0,4,0
S3,578,295936,296448,4624.0,4632.0,4,0
S3,579,296448,296960,4632.0,4640.0,4,0
S3,580,296960,297472,4640.0,4648.0,4,0
S3,581,297472,297984,4648.0,4656.0,4,0
S3,582,297984,298496,4656.0,4664.0,4,0
S3,583,298496,299008,4664.0,4672.0,4,0
S3,584,299008,299520,4672.0,4680.0,4,0
S3,585,299520,300032,4680.0,4688.0,4,0
S3,586,300032,300544,4688.0,4696.0,4,0
S3,625,320000,320512,5000.0,5008.0,3,0
S3,626,320512,321024,5008.0,5016.0,3,0
S3,627,321024,321536,5016.0,5024.0,3,0
S3,628,321536,322048,5024.0,5032.0,3,0
S3,629,322048,322560,5032.0,5040.0,3,0
S3,630,322560,323072,5040.0,5048.0,3,0
S3,631,323072,323584,5048.0,5056.0,3,0
S3,632,323584,324096,5056.0,5064.0,3,0
S3,633,324096,324608,5064.0,5072.0,3,0
S3,634,324608,325120,5072.0,5080.0,3,0
S3,635,325120,325632,5080.0,5088.0,3,0
S3,636,325632,326144,5088.0,5096.0,3,0
S3,637,326144,326656,5096.0,5104.0,3,0
S3,638,326656,327168,5104.0,5112.0,3,0
S3,639,327168,327680,5112.0,5120.0,3,0
S3,640,327680,328192,5120.0,5128.0,3,0
S3,641,328192,328704,5128.0,5136.0,3,0
S3,642,328704,329216,5136.0,5144.0,3,0
S3,643,329216,329728,5144.0,5152.0,3,0
S3,644,329728,330240,5152.0,5160.0,3,0
S3,645,330240,330752,5160.0,5168.0,3,0
S3,646,330752,331264,5168.0,5176.0,3,0
S3,647,331264,331776,5176.0,5184.0,3,0
S3,648,331776,332288,5184.0,5192.0,3,0
S3,649,332288,332800,5192.0,5200.0,3,0
S3,650,332800,333312,5200.0,5208.0,3,0
S3,651,333312,333824,5208.0,5216.0,3,0
S3,652,333824,334336,5216.0,5224.0,3,0
S3,653,334336,334848,5224.0,5232.0,3,0
S3,654,334848,335360,5232.0,5240.0,3,0
S3,655,335360,335872,5240.0,5248.0,3,0
S3,656,335872,336384,5248.0,5256.0,3,0
S3,657,336384,336896,5256.0,5264.0,3,0
S3,658,336896,337408,5264.0,5272.0,3,0
S3,659,337408,337920,5272.0,5280.0,3,0
S3,660,337920,338432,5280.0,5288.0,3,0
S3,661,338432,338944,5288.0,5296.0,3,0
S3,662,338944,339456,5296.0,5304.0,3,0
S3,663,339456,339968,5304.0,5312.0,3,0
S3,664,339968,340480,5312.0,5320.0,3,0
S3,665,340480,340992,5320.0,5328.0,3,0
S3,666,340992,341504,5328.0,5336.0,3,0
S3,667,341504,342016,5336.0,5344.0,3,0
S3,668,342016,342528,5344.0,5352.0,3,0
S3,669,342528,343040,5352.0,5360.0,3,0
S3,670,343040,343552,5360.0,5368.0,3,0
S3,671,343552,344064,5368.0,5376.0,3,0
S3,727,372224,372736,5816.0,5824.0,4,0
S3,728,372736,373248,5824.0,5832.0,4,0
S3,729,373248,373760,5832.0,5840.0,4,0
S3,730,373760,374272,5840.0,5848.0,4,0
S3,731,374272,374784,5848.0,5856.0,4,0
S3,732,374784,375296,5856.0,5864.0,4,0
S3,733,375296,375808,5864.0,5872.0,4,0
S3,734,375808,376320,5872.0,5880.0,4,0
S3,735,376320,376832,5880.0,5888.0,4,0
S3,736,376832,377344,5888.0,5896.0,4,0
S3,737,377344,377856,5896.0,5904.0,4,0
S3,738,377856,378368,5904.0,5912.0,4,0
S3,739,378368,378880,5912.0,5920.0,4,0
S3,740,378880,379392,5920.0,5928.0,4,0
S3,741,379392,379904,5928.0,5936.0,4,0
S3,742,379904,380416,5936.0,5944.0,4,0
S3,743,380416,380928,5944.0,5952.0,4,0
S3,744,380928,381440,5952.0,5960.0,4,0
S3,745,381440,381952,5960.0,5968.0,4,0
S3,746,381952,382464,5968.0,5976.0,4,0
S3,747,382464,382976,5976.0,5984.0,4,0
S3,748,382976,383488,5984.0,5992.0,4,0
S3,749,383488,384000,5992.0,6000.0,4,0
S3,750,384000,384512,6000.0,6008.0,4,0
S3,751,384512,385024,6008.0,6016.0,4,0
S3,752,385024,385536,6016.0,6024.0,4,0
S3,753,385536,386048,6024.0,6032.0,4,0
S3,754,386048,386560,6032.0,6040.0,4,0
S3,755,386560,387072,6040.0,6048.0,4,0
S3,756,387072,387584,6048.0,6056.0,4,0
S3,757,387584,388096,6056.0,6064.0,4,0
S3,758,388096,388608,6064.0,6072.0,4,0
S3,759,388608,389120,6072.0,6080.0,4,0
S3,760,389120,389632,6080.0,6088.0,4,0
S3,761,389632,390144,6088.0,6096.0,4,0
S3,762,390144,390656,6096.0,6104.0,4,0
S3,763,390656,391168,6104.0,6112.0,4,0
S3,764,391168,391680,6112.0,6120.0,4,0
S3,765,391680,392192,6120.0,6128.0,4,0
S3,766,392192,392704,6128.0,6136.0,4,0
S3,767,392704,393216,6136.0,6144.0,4,0
S3,768,393216,393728,6144.0,6152.0,4,0
S3,769,393728,394240,6152.0,6160.0,4,0
S3,770,394240,394752,6160.0,6168.0,4,0
S3,771,394752,395264,6168.0,6176.0,4,0
S3,772,395264,395776,6176.0,6184.0,4,0
S3,773,395776,396288,6184.0,6192.0,4,0
S4,36,18432,18944,288.0,296.0,1,0
S4,37,18944,19456,296.0,304.0,1,0
S4,38,19456,19968,304.0,312.0,1,0
S4,39,19968,20480,312.0,320.0,1,0
S4,40,20480,20992,320.0,328.0,1,0
S4,41,20992,21504,328.0,336.0,1,0
S4,42,21504,22016,336.0,344.0,1,0
S4,43,22016,22528,344.0,352.0,1,0
S4,44,22528,23040,352.0,360.0,1,0
S4,45,23040,23552,360.0,368.0,1,0
S4,46,23552,24064,368.0,376.0,1,0
S4,47,24064,24576,376.0,384.0,1,0
S4,48,24576,25088,384.0,392.0,1,0
S4,49,25088,25600,392.0,400.0,1,0
S4,50,25600,26112,400.0,408.0,1,0
S4,51,26112,26624,408.0,416.0,1,0
S4,52,26624,27136,416.0,424.0,1,0
S4,53,27136,27648,424.0,432.0,1,0
S4,54,27648,28160,432.0,440.0,1,0
S4,55,28160,28672,440.0,448.0,1,0
S4,56,28672,29184,448.0,456.0,1,0
S4,57,29184,29696,456.0,464.0,1,0
S4,58,29696,30208,464.0,472.0,1,0
S4,59,30208,30720,472.0,480.0,1,0
S4,60,30720,31232,480.0,488.0,1,0
S4,61,31232,31744,488.0,496.0,1,0
S4,62,31744,32256,496.0,504.0,1,0
S4,63,32256,32768,504.0,512.0,1,0
S4,64,32768,33280,512.0,520.0,1,0
S4,65,33280,33792,520.0,528.0,1,0
S4,66,33792,34304,528.0,536.0,1,0
S4,67,34304,34816,536.0,544.0,1,0
S4,68,34816,35328,544.0,552.0,1,0
S4,69,35328,35840,552.0,560.0,1,0
S4,70,35840,36352,560.0,568.0,1,0
S4,71,36352,36864,568.0,576.0,1,0
S4,72,36864,37376,576.0,584.0,1,0
S4,73,37376,37888,584.0,592.0,1,0
S4,74,37888,38400,592.0,600.0,1,0
S4,75,38400,38912,600.0,608.0,1,0
S4,76,38912,39424,608.0,616.0,1,0
S4,77,39424,39936,616.0,624.0,1,0
S4,78,39936,40448,624.0,632.0,1,0
S4,79,40448,40960,632.0,640.0,1,0
S4,80,40960,41472,640.0,648.0,1,0
S4,81,41472,41984,648.0,656.0,1,0
S4,82,41984,42496,656.0,664.0,1,0
S4,83,42496,43008,664.0,672.0,1,0
S4,84,43008,43520,672.0,680.0,1,0
S4,85,43520,44032,680.0,688.0,1,0
S4,86,44032,44544,688.0,696.0,1,0
S4,87,44544,45056,696.0,704.0,1,0
S4,88,45056,45568,704.0,712.0,1,0
S4,89,45568,46080,712.0,720.0,1,0
S4,90,46080,46592,720.0,728.0,1,0
S4,91,46592,47104,728.0,736.0,1,0
S4,92,47104,47616,736.0,744.0,1,0
S4,93,47616,48128,744.0,752.0,1,0
S4,94,48128,48640,752.0,760.0,1,0
S4,95,48640,49152,760.0,768.0,1,0
S4,96,49152,49664,768.0,776.0,1,0
S4,97,49664,50176,776.0,784.0,1,0
S4,98,50176,50688,784.0,792.0,1,0
S4,99,50688,51200,792.0,800.0,1,0
S4,100,51200,51712,800.0,808.0,1,0
S4,101,51712,52224,808.0,816.0,1,0
S4,102,52224,52736,816.0,824.0,1,0
S4,103,52736,53248,824.0,832.0,1,0
S4,104,53248,53760,832.0,840.0,1,0
S4,105,53760,54272,840.0,848.0,1,0
S4,106,54272,54784,848.0,856.0,1,0
S4,107,54784,55296,856.0,864.0,1,0
S4,108,55296,55808,864.0,872.0,1,0
S4,109,55808,56320,872.0,880.0,1,0
S4,110,56320,56832,880.0,888.0,1,0
S4,111,56832,57344,888.0,896.0,1,0
S4,112,57344,57856,896.0,904.0,1,0
S4,113,57856,58368,904.0,912.0,1,0
S4,114,58368,58880,912.0,920.0,1,0
S4,115,58880,59392,920.0,928.0,1,0
S4,116,59392,59904,928.0,936.0,1,0
S4,117,59904,60416,936.0,944.0,1,0
S4,118,60416,60928,944.0,952.0,1,0
S4,119,60928,61440,952.0,960.0,1,0
S4,120,61440,61952,960.0,968.0,1,0
S4,121,61952,62464,968.0,976.0,1,0
S4,122,62464,62976,976.0,984.0,1,0
S4,123,62976,63488,984.0,992.0,1,0
S4,124,63488,64000,992.0,1000.0,1,0
S4,125,64000,64512,1000.0,1008.0,1,0
S4,126,64512,65024,1008.0,1016.0,1,0
S4,127,65024,65536,1016.0,1024.0,1,0
S4,128,65536,66048,1024.0,1032.0,1,0
S4,129,66048,66560,1032.0,1040.0,1,0
S4,130,66560,67072,1040.0,1048.0,1,0
S4,131,67072,67584,1048.0,1056.0,1,0
S4,132,67584,68096,1056.0,1064.0,1,0
S4,133,68096,68608,1064.0,1072.0,1,0
S4,134,68608,69120,1072.0,1080.0,1,0
S4,135,69120,69632,1080.0,1088.0,1,0
S4,136,69632,70144,1088.0,1096.0,1,0
S4,137,70144,70656,1096.0,1104.0,1,0
S4,138,70656,71168,1104.0,1112.0,1,0
S4,139,71168,71680,1112.0,1120.0,1,0
S4,140,71680,72192,1120.0,1128.0,1,0
S4,141,72192,72704,1128.0,1136.0,1,0
S4,142,72704,73216,1136.0,1144.0,1,0
S4,143,73216,73728,1144.0,1152.0,1,0
S4,144,73728,74240,1152.0,1160.0,1,0
S4,145,74240,74752,1160.0,1168.0,1,0
S4,146,74752,75264,1168.0,1176.0,1,0
S4,147,75264,75776,1176.0,1184.0,1,0
S4,148,75776,76288,1184.0,1192.0,1,0
S4,149,76288,76800,1192.0,1200.0,1,0
S4,150,76800,77312,1200.0,1208.0,1,0
S4,151,77312,77824,1208.0,1216.0,1,0
S4,152,77824,78336,1216.0,1224.0,1,0
S4,153,78336,78848,1224.0,1232.0,1,0
S4,154,78848,79360,1232.0,1240.0,1,0
S4,155,79360,79872,1240.0,1248.0,1,0
S4,156,79872,80384,1248.0,1256.0,1,0
S4,157,80384,80896,1256.0,1264.0,1,0
S4,158,80896,81408,1264.0,1272.0,1,0
S4,159,81408,81920,1272.0,1280.0,1,0
S4,160,81920,82432,1280.0,1288.0,1,0
S4,161,82432,82944,1288.0,1296.0,1,0
S4,162,82944,83456,1296.0,1304.0,1,0
S4,163,83456,83968,1304.0,1312.0,1,0
S4,164,83968,84480,1312.0,1320.0,1,0
S4,165,84480,84992,1320.0,1328.0,1,0
S4,166,84992,85504,1328.0,1336.0,1,0
S4,167,85504,86016,1336.0,1344.0,1,0
S4,168,86016,86528,1344.0,1352.0,1,0
S4,169,86528,87040,1352.0,1360.0,1,0
S4,170,87040,87552,1360.0,1368.0,1,0
S4,171,87552,88064,1368.0,1376.0,1,0
S4,172,88064,88576,1376.0,1384.0,1,0
S4,173,88576,89088,1384.0,1392.0,1,0
S4,174,89088,89600,1392.0,1400.0,1,0
S4,175,89600,90112,1400.0,1408.0,1,0
S4,176,90112,90624,1408.0,1416.0,1,0
S4,177,90624,91136,1416.0,1424.0,1,0
S4,178,91136,91648,1424.0,1432.0,1,0
S4,179,91648,92160,1432.0,1440.0,1,0
S4,229,117248,117760,1832.0,1840.0,3,0
S4,230,117760,118272,1840.0,1848.0,3,0
S4,231,118272,118784,1848.0,1856.0,3,0
S4,232,118784,119296,1856.0,1864.0,3,0
S4,233,119296,119808,1864.0,1872.0,3,0
S4,234,119808,120320,1872.0,1880.0,3,0
S4,235,120320,120832,1880.0,1888.0,3,0
S4,236,120832,121344,1888.0,1896.0,3,0
S4,237,121344,121856,1896.0,1904.0,3,0
S4,238,121856,122368,1904.0,1912.0,3,0
S4,239,122368,122880,1912.0,1920.0,3,0
S4,240,122880,123392,1920.0,1928.0,3,0
S4,241,123392,123904,1928.0,1936.0,3,0
S4,242,123904,124416,1936.0,1944.0,3,0
S4,243,124416,124928,1944.0,1952.0,3,0
S4,244,124928,125440,1952.0,1960.0,3,0
S4,245,125440,125952,1960.0,1968.0,3,0
S4,246,125952,126464,1968.0,1976.0,3,0
S4,247,126464,126976,1976.0,1984.0,3,0
S4,248,126976,127488,1984.0,1992.0,3,0
S4,249,127488,128000,1992.0,2000.0,3,0
S4,250,128000,128512,2000.0,2008.0,3,0
S4,251,128512,129024,2008.0,2016.0,3,0
S4,252,129024,129536,2016.0,2024.0,3,0
S4,253,129536,130048,2024.0,2032.0,3,0
S4,254,130048,130560,2032.0,2040.0,3,0
S4,255,130560,131072,2040.0,2048.0,3,0
S4,256,131072,131584,2048.0,2056.0,3,0
S4,257,131584,132096,2056.0,2064.0,3,0
S4,258,132096,132608,2064.0,2072.0,3,0
S4,259,132608,133120,2072.0,2080.0,3,0
S4,260,133120,133632,2080.0,2088.0,3,0
S4,261,133632,134144,2088.0,2096.0,3,0
S4,262,134144,134656,2096.0,2104.0,3,0
S4,263,134656,135168,2104.0,2112.0,3,0
S4,264,135168,135680,2112.0,2120.0,3,0
S4,265,135680,136192,2120.0,2128.0,3,0
S4,266,136192,136704,2128.0,2136.0,3,0
S4,267,136704,137216,2136.0,2144.0,3,0
S4,268,137216,137728,2144.0,2152.0,3,0
S4,269,137728,138240,2152.0,2160.0,3,0
S4,270,138240,138752,2160.0,2168.0,3,0
S4,271,138752,139264,2168.0,2176.0,3,0
S4,272,139264,139776,2176.0,2184.0,3,0
S4,273,139776,140288,2184.0,2192.0,3,0
S4,274,140288,140800,2192.0,2200.0,3,0
S4,275,140800,141312,2200.0,2208.0,3,0
S4,336,172032,172544,2688.0,2696.0,4,0
S4,337,172544,173056,2696.0,2704.0,4,0
S4,338,173056,173568,2704.0,2712.0,4,0
S4,339,173568,174080,2712.0,2720.0,4,0
S4,340,174080,174592,2720.0,2728.0,4,0
S4,341,174592,175104,2728.0,2736.0,4,0
S4,342,175104,175616,2736.0,2744.0,4,0
S4,343,175616,176128,2744.0,2752.0,4,0
S4,344,176128,176640,2752.0,2760.0,4,0
S4,345,176640,177152,2760.0,2768.0,4,0
S4,346,177152,177664,2768.0,2776.0,4,0
S4,347,177664,178176,2776.0,2784.0,4,0
S4,348,178176,178688,2784.0,2792.0,4,0
S4,349,178688,179200,2792.0,2800.0,4,0
S4,350,179200,179712,2800.0,2808.0,4,0
S4,351,179712,180224,2808.0,2816.0,4,0
S4,352,180224,180736,2816.0,2824.0,4,0
S4,353,180736,181248,2824.0,2832.0,4,0
S4,354,181248,181760,2832.0,2840.0,4,0
S4,355,181760,182272,2840.0,2848.0,4,0
S4,356,182272,182784,2848.0,2856.0,4,0
S4,357,182784,183296,2856.0,2864.0,4,0
S4,358,183296,183808,2864.0,2872.0,4,0
S4,359,183808,184320,2872.0,2880.0,4,0
S4,360,184320,184832,2880.0,2888.0,4,0
S4,361,184832,185344,2888.0,2896.0,4,0
S4,362,185344,185856,2896.0,2904.0,4,0
S4,363,185856,186368,2904.0,2912.0,4,0
S4,364,186368,186880,2912.0,2920.0,4,0
S4,365,186880,187392,2920.0,2928.0,4,0
S4,366,187392,187904,2928.0,2936.0,4,0
S4,367,187904,188416,2936.0,2944.0,4,0
S4,368,188416,188928,2944.0,2952.0,4,0
S4,369,188928,189440,2952.0,2960.0,4,0
S4,370,189440,189952,2960.0,2968.0,4,0
S4,371,189952,190464,2968.0,2976.0,4,0
S4,372,190464,190976,2976.0,2984.0,4,0
S4,373,190976,191488,2984.0,2992.0,4,0
S4,374,191488,192000,2992.0,3000.0,4,0
S4,375,192000,192512,3000.0,3008.0,4,0
S4,376,192512,193024,3008.0,3016.0,4,0
S4,377,193024,193536,3016.0,3024.0,4,0
S4,378,193536,194048,3024.0,3032.0,4,0
S4,379,194048,194560,3032.0,3040.0,4,0
S4,380,194560,195072,3040.0,3048.0,4,0
S4,381,195072,195584,3048.0,3056.0,4,0
S4,382,195584,196096,3056.0,3064.0,4,0
S4,383,196096,196608,3064.0,3072.0,4,0
S4,384,196608,197120,3072.0,3080.0,4,0
S4,385,197120,197632,3080.0,3088.0,4,0
S4,386,197632,198144,3088.0,3096.0,4,0
S4,452,231424,231936,3616.0,3624.0,2,1
S4,453,231936,232448,3624.0,3632.0,2,1
S4,454,232448,232960,3632.0,3640.0,2,1
S4,455,232960,233472,3640.0,3648.0,2,1
S4,456,233472,233984,3648.0,3656.0,2,1
S4,457,233984,234496,3656.0,3664.0,2,1
S4,458,234496,235008,3664.0,3672.0,2,1
S4,459,235008,235520,3672.0,3680.0,2,1
S4,460,235520,236032,3680.0,3688.0,2,1
S4,461,236032,236544,3688.0,3696.0,2,1
S4,462,236544,237056,3696.0,3704.0,2,1
S4,463,237056,237568,3704.0,3712.0,2,1
S4,464,237568,238080,3712.0,3720.0,2,1
S4,465,238080,238592,3720.0,3728.0,2,1
S4,466,238592,239104,3728.0,3736.0,2,1
S4,467,239104,239616,3736.0,3744.0,2,1
S4,468,239616,240128,3744.0,3752.0,2,1
S4,469,240128,240640,3752.0,3760.0,2,1
S4,470,240640,241152,3760.0,3768.0,2,1
S4,471,241152,241664,3768.0,3776.0,2,1
S4,472,241664,242176,3776.0,3784.0,2,1
S4,473,242176,242688,3784.0,3792.0,2,1
S4,474,242688,243200,3792.0,3800.0,2,1
S4,475,243200,243712,3800.0,3808.0,2,1
S4,476,243712,244224,3808.0,3816.0,2,1
S4,477,244224,244736,3816.0,3824.0,2,1
S4,478,244736,245248,3824.0,3832.0,2,1
S4,479,245248,245760,3832.0,3840.0,2,1
S4,480,245760,246272,3840.0,3848.0,2,1
S4,481,246272,246784,3848.0,3856.0,2,1
S4,482,246784,247296,3856.0,3864.0,2,1
S4,483,247296,247808,3864.0,3872.0,2,1
S4,484,247808,248320,3872.0,3880.0,2,1
S4,485,248320,248832,3880.0,3888.0,2,1
S4,486,248832,249344,3888.0,3896.0,2,1
S4,487,249344,249856,3896.0,3904.0,2,1
S4,488,249856,250368,3904.0,3912.0,2,1
S4,489,250368,250880,3912.0,3920.0,2,1
S4,490,250880,251392,3920.0,3928.0,2,1
S4,491,251392,251904,3928.0,3936.0,2,1
S4,492,251904,252416,3936.0,3944.0,2,1
S4,493,252416,252928,3944.0,3952.0,2,1
S4,494,252928,253440,3952.0,3960.0,2,1
S4,495,253440,253952,3960.0,3968.0,2,1
S4,496,253952,254464,3968.0,3976.0,2,1
S4,497,254464,254976,3976.0,3984.0,2,1
S4,498,254976,255488,3984.0,3992.0,2,1
S4,499,255488,256000,3992.0,4000.0,2,1
S4,500,256000,256512,4000.0,4008.0,2,1
S4,501,256512,257024,4008.0,4016.0,2,1
S4,502,257024,257536,4016.0,4024.0,2,1
S4,503,257536,258048,4024.0,4032.0,2,1
S4,504,258048,258560,4032.0,4040.0,2,1
S4,505,258560,259072,4040.0,4048.0,2,1
S4,506,259072,259584,4048.0,4056.0,2,1
S4,507,259584,260096,4056.0,4064.0,2,1
S4,508,260096,260608,4064.0,4072.0,2,1
S4,509,260608,261120,4072.0,4080.0,2,1
S4,510,261120,261632,4080.0,4088.0,2,1
S4,511,261632,262144,4088.0,4096.0,2,1
S4,512,262144,262656,4096.0,4104.0,2,1
S4,513,262656,263168,4104.0,4112.0,2,1
S4,514,263168,263680,4112.0,4120.0,2,1
S4,515,263680,264192,4120.0,4128.0,2,1
S4,516,264192,264704,4128.0,4136.0,2,1
S4,517,264704,265216,4136.0,4144.0,2,1
S4,518,265216,265728,4144.0,4152.0,2,1
S4,519,265728,266240,4152.0,4160.0,2,1
S4,520,266240,266752,4160.0,4168.0,2,1
S4,521,266752,267264,4168.0,4176.0,2,1
S4,522,267264,267776,4176.0,4184.0,2,1
S4,523,267776,268288,4184.0,4192.0,2,1
S4,524,268288,268800,4192.0,4200.0,2,1
S4,525,268800,269312,4200.0,4208.0,2,1
S4,526,269312,269824,4208.0,4216.0,2,1
S4,527,269824,270336,4216.0,4224.0,2,1
S4,528,270336,270848,4224.0,4232.0,2,1
S4,529,270848,271360,4232.0,4240.0,2,1
S4,530,271360,271872,4240.0,4248.0,2,1
S4,710,363520,364032,5680.0,5688.0,4,0
S4,711,364032,364544,5688.0,5696.0,4,0
S4,712,364544,365056,5696.0,5704.0,4,0
S4,713,365056,365568,5704.0,5712.0,4,0
S4,714,365568,366080,5712.0,5720.0,4,0
S4,715,366080,366592,5720.0,5728.0,4,0
S4,716,366592,367104,5728.0,5736.0,4,0
S4,717,367104,367616,5736.0,5744.0,4,0
S4,718,367616,368128,5744.0,5752.0,4,0
S4,719,368128,368640,5752.0,5760.0,4,0
S4,720,368640,369152,5760.0,5768.0,4,0
S4,721,369152,369664,5768.0,5776.0,4,0
S4,722,369664,370176,5776.0,5784.0,4,0
S4,723,370176,370688,5784.0,5792.0,4,0
S4,724,370688,371200,5792.0,5800.0,4,0
S4,725,371200,371712,5800.0,5808.0,4,0
S4,726,371712,372224,5808.0,5816.0,4,0
S4,727,372224,372736,5816.0,5824.0,4,0
S4,728,372736,373248,5824.0,5832.0,4,0
S4,729,373248,373760,5832.0,5840.0,4,0
S4,730,373760,374272,5840.0,5848.0,4,0
S4,731,374272,374784,5848.0,5856.0,4,0
S4,732,374784,375296,5856.0,5864.0,4,0
S4,733,375296,375808,5864.0,5872.0,4,0
S4,734,375808,376320,5872.0,5880.0,4,0
S4,735,376320,376832,5880.0,5888.0,4,0
S4,736,376832,377344,5888.0,5896.0,4,0
S4,737,377344,377856,5896.0,5904.0,4,0
S4,738,377856,378368,5904.0,5912.0,4,0
S4,739,378368,378880,5912.0,5920.0,4,0
S4,740,378880,379392,5920.0,5928.0,4,0
S4,741,379392,379904,5928.0,5936.0,4,0
S4,742,379904,380416,5936.0,5944.0,4,0
S4,743,380416,380928,5944.0,5952.0,4,0
S4,744,380928,381440,5952.0,5960.0,4,0
S4,745,381440,381952,5960.0,5968.0,4,0
S4,746,381952,382464,5968.0,5976.0,4,0
S4,747,382464,382976,5976.0,5984.0,4,0
S4,748,382976,383488,5984.0,5992.0,4,0
S4,749,383488,384000,5992.0,6000.0,4,0
S4,750,384000,384512,6000.0,6008.0,4,0
S4,751,384512,385024,6008.0,6016.0,4,0
S4,752,385024,385536,6016.0,6024.0,4,0
S4,753,385536,386048,6024.0,6032.0,4,0
S4,754,386048,386560,6032.0,6040.0,4,0
S4,755,386560,387072,6040.0,6048.0,4,0
S4,756,387072,387584,6048.0,6056.0,4,0
S4,757,387584,388096,6056.0,6064.0,4,0
S4,758,388096,388608,6064.0,6072.0,4,0
S5,35,17920,18432,280.0,288.0,1,0
S5,36,18432,18944,288.0,296.0,1,0
S5,37,18944,19456,296.0,304.0,1,0
S5,38,19456,19968,304.0,312.0,1,0
S5,39,19968,20480,312.0,320.0,1,0
S5,40,20480,20992,320.0,328.0,1,0
S5,41,20992,21504,328.0,336.0,1,0
S5,42,21504,22016,336.0,344.0,1,0
S5,43,22016,22528,344.0,352.0,1,0
S5,44,22528,23040,352.0,360.0,1,0
S5,45,23040,23552,360.0,368.0,1,0
S5,46,23552,24064,368.0,376.0,1,0
S5,47,24064,24576,376.0,384.0,1,0
S5,48,24576,25088,384.0,392.0,1,0
S5,49,25088,25600,392.0,400.0,1,0
S5,50,25600,26112,400.0,408.0,1,0
S5,51,26112,26624,408.0,416.0,1,0
S5,52,26624,27136,416.0,424.0,1,0
S5,53,27136,27648,424.0,432.0,1,0
S5,54,27648,28160,432.0,440.0,1,0
S5,55,28160,28672,440.0,448.0,1,0
S5,56,28672,29184,448.0,456.0,1,0
S5,57,29184,29696,456.0,464.0,1,0
S5,58,29696,30208,464.0,472.0,1,0
S5,59,30208,30720,472.0,480.0,1,0
S5,60,30720,31232,480.0,488.0,1,0
S5,61,31232,31744,488.0,496.0,1,0
S5,62,31744,32256,496.0,504.0,1,0
S5,63,32256,32768,504.0,512.0,1,0
S5,64,32768,33280,512.0,520.0,1,0
S5,65,33280,33792,520.0,528.0,1,0
S5,66,33792,34304,528.0,536.0,1,0
S5,67,34304,34816,536.0,544.0,1,0
S5,68,34816,35328,544.0,552.0,1,0
S5,69,35328,35840,552.0,560.0,1,0
S5,70,35840,36352,560.0,568.0,1,0
S5,71,36352,36864,568.0,576.0,1,0
S5,72,36864,37376,576.0,584.0,1,0
S5,73,37376,37888,584.0,592.0,1,0
S5,74,37888,38400,592.0,600.0,1,0
S5,75,38400,38912,600.0,608.0,1,0
S5,76,38912,39424,608.0,616.0,1,0
S5,77,39424,39936,616.0,624.0,1,0
S5,78,39936,40448,624.0,632.0,1,0
S5,79,40448,40960,632.0,640.0,1,0
S5,80,40960,41472,640.0,648.0,1,0
S5,81,41472,41984,648.0,656.0,1,0
S5,82,41984,42496,656.0,664.0,1,0
S5,83,42496,43008,664.0,672.0,1,0
S5,84,43008,43520,672.0,680.0,1,0
S5,85,43520,44032,680.0,688.0,1,0
S5,86,44032,44544,688.0,696.0,1,0
S5,87,44544,45056,696.0,704.0,1,0
S5,88,45056,45568,704.0,712.0,1,0
S5,89,45568,46080,712.0,720.0,1,0
S5,90,46080,46592,720.0,728.0,1,0
S5,91,46592,47104,728.0,736.0,1,0
S5,92,47104,47616,736.0,744.0,1,0
S5,93,47616,48128,744.0,752.0,1,0
S5,94,48128,48640,752.0,760.0,1,0
S5,95,48640,49152,760.0,768.0,1,0
S5,96,49152,49664,768.0,776.0,1,0
S5,97,49664,50176,776.0,784.0,1,0
S5,98,50176,50688,784.0,792.0,1,0
S5,99,50688,51200,792.0,800.0,1,0
S5,100,51200,51712,800.0,808.0,1,0
S5,101,51712,52224,808.0,816.0,1,0
S5,102,52224,52736,816.0,824.0,1,0
S5,103,52736,53248,824.0,832.0,1,0
S5,104,53248,53760,832.0,840.0,1,0
S5,105,53760,54272,840.0,848.0,1,0
S5,106,54272,54784,848.0,856.0,1,0
S5,107,54784,55296,856.0,864.0,1,0
S5,108,55296,55808,864.0,872.0,1,0
S5,109,55808,56320,872.0,880.0,1,0
S5,110,56320,56832,880.0,888.0,1,0
S5,111,56832,57344,888.0,896.0,1,0
S5,112,57344,57856,896.0,904.0,1,0
S5,113,57856,58368,904.0,912.0,1,0
S5,114,58368,58880,912.0,920.0,1,0
S5,115,58880,59392,920.0,928.0,1,0
S5,116,59392,59904,928.0,936.0,1,0
S5,117,59904,60416,936.0,944.0,1,0
S5,118,60416,60928,944.0,952.0,1,0
S5,119,60928,61440,952.0,960.0,1,0
S5,120,61440,61952,960.0,968.0,1,0
S5,121,61952,62464,968.0,976.0,1,0
S5,122,62464,62976,976.0,984.0,1,0
S5,123,62976,63488,984.0,992.0,1,0
S5,124,63488,64000,992.0,1000.0,1,0
S5,125,64000,64512,1000.0,1008.0,1,0
S5,126,64512,65024,1008.0,1016.0,1,0
S5,127,65024,65536,1016.0,1024.0,1,0
S5,128,65536,66048,1024.0,1032.0,1,0
S5,129,66048,66560,1032.0,1040.0,1,0
S5,130,66560,67072,1040.0,1048.0,1,0
S5,131,67072,67584,1048.0,1056.0,1,0
S5,132,67584,68096,1056.0,1064.0,1,0
S5,133,68096,68608,1064.0,1072.0,1,0
S5,134,68608,69120,1072.0,1080.0,1,0
S5,135,69120,69632,1080.0,1088.0,1,0
S5,136,69632,70144,1088.0,1096.0,1,0
S5,137,70144,70656,1096.0,1104.0,1,0
S5,138,70656,71168,1104.0,1112.0,1,0
S5,139,71168,71680,1112.0,1120.0,1,0
S5,140,71680,72192,1120.0,1128.0,1,0
S5,141,72192,72704,1128.0,1136.0,1,0
S5,142,72704,73216,1136.0,1144.0,1,0
S5,143,73216,73728,1144.0,1152.0,1,0
S5,144,73728,74240,1152.0,1160.0,1,0
S5,145,74240,74752,1160.0,1168.0,1,0
S5,146,74752,75264,1168.0,1176.0,1,0
S5,147,75264,75776,1176.0,1184.0,1,0
S5,148,75776,76288,1184.0,1192.0,1,0
S5,149,76288,76800,1192.0,1200.0,1,0
S5,150,76800,77312,1200.0,1208.0,1,0
S5,151,77312,77824,1208.0,1216.0,1,0
S5,152,77824,78336,1216.0,1224.0,1,0
S5,153,78336,78848,1224.0,1232.0,1,0
S5,154,78848,79360,1232.0,1240.0,1,0
S5,155,79360,79872,1240.0,1248.0,1,0
S5,156,79872,80384,1248.0,1256.0,1,0
S5,157,80384,80896,1256.0,1264.0,1,0
S5,158,80896,81408,1264.0,1272.0,1,0
S5,159,81408,81920,1272.0,1280.0,1,0
S5,160,81920,82432,1280.0,1288.0,1,0
S5,161,82432,82944,1288.0,1296.0,1,0
S5,162,82944,83456,1296.0,1304.0,1,0
S5,163,83456,83968,1304.0,1312.0,1,0
S5,164,83968,84480,1312.0,1320.0,1,0
S5,165,84480,84992,1320.0,1328.0,1,0
S5,166,84992,85504,1328.0,1336.0,1,0
S5,167,85504,86016,1336.0,1344.0,1,0
S5,168,86016,86528,1344.0,1352.0,1,0
S5,169,86528,87040,1352.0,1360.0,1,0
S5,170,87040,87552,1360.0,1368.0,1,0
S5,171,87552,88064,1368.0,1376.0,1,0
S5,172,88064,88576,1376.0,1384.0,1,0
S5,173,88576,89088,1384.0,1392.0,1,0
S5,174,89088,89600,1392.0,1400.0,1,0
S5,175,89600,90112,1400.0,1408.0,1,0
S5,176,90112,90624,1408.0,1416.0,1,0
S5,177,90624,91136,1416.0,1424.0,1,0
S5,178,91136,91648,1424.0,1432.0,1,0
S5,179,91648,92160,1432.0,1440.0,1,0
S5,180,92160,92672,1440.0,1448.0,1,0
S5,181,92672,93184,1448.0,1456.0,1,0
S5,182,93184,93696,1456.0,1464.0,1,0
S5,183,93696,94208,1464.0,1472.0,1,0
S5,184,94208,94720,1472.0,1480.0,1,0
S5,233,119296,119808,1864.0,1872.0,3,0
S5,234,119808,120320,1872.0,1880.0,3,0
S5,235,120320,120832,1880.0,1888.0,3,0
S5,236,120832,121344,1888.0,1896.0,3,0
S5,237,121344,121856,1896.0,1904.0,3,0
S5,238,121856,122368,1904.0,1912.0,3,0
S5,239,122368,122880,1912.0,1920.0,3,0
S5,240,122880,123392,1920.0,1928.0,3,0
S5,241,123392,123904,1928.0,1936.0,3,0
S5,242,123904,124416,1936.0,1944.0,3,0
S5,243,124416,124928,1944.0,1952.0,3,0
S5,244,124928,125440,1952.0,1960.0,3,0
S5,245,125440,125952,1960.0,1968.0,3,0
S5,246,125952,126464,1968.0,1976.0,3,0
S5,247,126464,126976,1976.0,1984.0,3,0
S5,248,126976,127488,1984.0,1992.0,3,0
S5,249,127488,128000,1992.0,2000.0,3,0
S5,250,128000,128512,2000.0,2008.0,3,0
S5,251,128512,129024,2008.0,2016.0,3,0
S5,252,129024,129536,2016.0,2024.0,3,0
S5,253,129536,130048,2024.0,2032.0,3,0
S5,254,130048,130560,2032.0,2040.0,3,0
S5,255,130560,131072,2040.0,2048.0,3,0
S5,256,131072,131584,2048.0,2056.0,3,0
S5,257,131584,132096,2056.0,2064.0,3,0
S5,258,132096,132608,2064.0,2072.0,3,0
S5,259,132608,133120,2072.0,2080.0,3,0
S5,260,133120,133632,2080.0,2088.0,3,0
S5,261,133632,134144,2088.0,2096.0,3,0
S5,262,134144,134656,2096.0,2104.0,3,0
S5,263,134656,135168,2104.0,2112.0,3,0
S5,264,135168,135680,2112.0,2120.0,3,0
S5,265,135680,136192,2120.0,2128.0,3,0
S5,266,136192,136704,2128.0,2136.0,3,0
S5,267,136704,137216,2136.0,2144.0,3,0
S5,268,137216,137728,2144.0,2152.0,3,0
S5,269,137728,138240,2152.0,2160.0,3,0
S5,270,138240,138752,2160.0,2168.0,3,0
S5,271,138752,139264,2168.0,2176.0,3,0
S5,272,139264,139776,2176.0,2184.0,3,0
S5,273,139776,140288,2184.0,2192.0,3,0
S5,274,140288,140800,2192.0,2200.0,3,0
S5,275,140800,141312,2200.0,2208.0,3,0
S5,276,141312,141824,2208.0,2216.0,3,0
S5,277,141824,142336,2216.0,2224.0,3,0
S5,278,142336,142848,2224.0,2232.0,3,0
S5,279,142848,143360,2232.0,2240.0,3,0
S5,336,172032,172544,2688.0,2696.0,4,0
S5,337,172544,173056,2696.0,2704.0,4,0
S5,338,173056,173568,2704.0,2712.0,4,0
S5,339,173568,174080,2712.0,2720.0,4,0
S5,340,174080,174592,2720.0,2728.0,4,0
S5,341,174592,175104,2728.0,2736.0,4,0
S5,342,175104,175616,2736.0,2744.0,4,0
S5,343,175616,176128,2744.0,2752.0,4,0
S5,344,176128,176640,2752.0,2760.0,4,0
S5,345,176640,177152,2760.0,2768.0,4,0
S5,346,177152,177664,2768.0,2776.0,4,0
S5,347,177664,178176,2776.0,2784.0,4,0
S5,348,178176,178688,2784.0,2792.0,4,0
S5,349,178688,179200,2792.0,2800.0,4,0
S5,350,179200,179712,2800.0,2808.0,4,0
S5,351,179712,180224,2808.0,2816.0,4,0
S5,352,180224,180736,2816.0,2824.0,4,0
S5,353,180736,181248,2824.0,2832.0,4,0
S5,354,181248,181760,2832.0,2840.0,4,0
S5,355,181760,182272,2840.0,2848.0,4,0
S5,356,182272,182784,2848.0,2856.0,4,0
S5,357,182784,183296,2856.0,2864.0,4,0
S5,358,183296,183808,2864.0,2872.0,4,0
S5,359,183808,184320,2872.0,2880.0,4,0
S5,360,184320,184832,2880.0,2888.0,4,0
S5,361,184832,185344,2888.0,2896.0,4,0
S5,362,185344,185856,2896.0,2904.0,4,0
S5,363,185856,186368,2904.0,2912.0,4,0
S5,364,186368,186880,2912.0,2920.0,4,0
S5,365,186880,187392,2920.0,2928.0,4,0
S5,366,187392,187904,2928.0,2936.0,4,0
S5,367,187904,188416,2936.0,2944.0,4,0
S5,368,188416,188928,2944.0,2952.0,4,0
S5,369,188928,189440,2952.0,2960.0,4,0
S5,370,189440,189952,2960.0,2968.0,4,0
S5,371,189952,190464,2968.0,2976.0,4,0
S5,372,190464,190976,2976.0,2984.0,4,0
S5,373,190976,191488,2984.0,2992.0,4,0
S5,374,191488,192000,2992.0,3000.0,4,0
S5,375,192000,192512,3000.0,3008.0,4,0
S5,376,192512,193024,3008.0,3016.0,4,0
S5,377,193024,193536,3016.0,3024.0,4,0
S5,378,193536,194048,3024.0,3032.0,4,0
S5,379,194048,194560,3032.0,3040.0,4,0
S5,380,194560,195072,3040.0,3048.0,4,0
S5,381,195072,195584,3048.0,3056.0,4,0
S5,382,195584,196096,3056.0,3064.0,4,0
S5,383,196096,196608,3064.0,3072.0,4,0
S5,384,196608,197120,3072.0,3080.0,4,0
S5,450,230400,230912,3600.0,3608.0,2,1
S5,451,230912,231424,3608.0,3616.0,2,1
S5,452,231424,231936,3616.0,3624.0,2,1
S5,453,231936,232448,3624.0,3632.0,2,1
S5,454,232448,232960,3632.0,3640.0,2,1
S5,455,232960,233472,3640.0,3648.0,2,1
S5,456,233472,233984,3648.0,3656.0,2,1
S5,457,233984,234496,3656.0,3664.0,2,1
S5,458,234496,235008,3664.0,3672.0,2,1
S5,459,235008,235520,3672.0,3680.0,2,1
S5,460,235520,236032,3680.0,3688.0,2,1
S5,461,236032,236544,3688.0,3696.0,2,1
S5,462,236544,237056,3696.0,3704.0,2,1
S5,463,237056,237568,3704.0,3712.0,2,1
S5,464,237568,238080,3712.0,3720.0,2,1
S5,465,238080,238592,3720.0,3728.0,2,1
S5,466,238592,239104,3728.0,3736.0,2,1
S5,467,239104,239616,3736.0,3744.0,2,1
S5,468,239616,240128,3744.0,3752.0,2,1
S5,469,240128,240640,3752.0,3760.0,2,1
S5,470,240640,241152,3760.0,3768.0,2,1
S5,471,241152,241664,3768.0,3776.0,2,1
S5,472,241664,242176,3776.0,3784.0,2,1
S5,473,242176,242688,3784.0,3792.0,2,1
S5,474,242688,243200,3792.0,3800.0,2,1
S5,475,243200,243712,3800.0,3808.0,2,1
S5,476,243712,244224,3808.0,3816.0,2,1
S5,477,244224,244736,3816.0,3824.0,2,1
S5,478,244736,245248,3824.0,3832.0,2,1
S5,479,245248,245760,3832.0,3840.0,2,1
S5,480,245760,246272,3840.0,3848.0,2,1
S5,481,246272,246784,3848.0,3856.0,2,1
S5,482,246784,247296,3856.0,3864.0,2,1
S5,483,247296,247808,3864.0,3872.0,2,1
S5,484,247808,248320,3872.0,3880.0,2,1
S5,485,248320,248832,3880.0,3888.0,2,1
S5,486,248832,249344,3888.0,3896.0,2,1
S5,487,249344,249856,3896.0,3904.0,2,1
S5,488,249856,250368,3904.0,3912.0,2,1
S5,489,250368,250880,3912.0,3920.0,2,1
S5,490,250880,251392,3920.0,3928.0,2,1
S5,491,251392,251904,3928.0,3936.0,2,1
S5,492,251904,252416,3936.0,3944.0,2,1
S5,493,252416,252928,3944.0,3952.0,2,1
S5,494,252928,253440,3952.0,3960.0,2,1
S5,495,253440,253952,3960.0,3968.0,2,1
S5,496,253952,254464,3968.0,3976.0,2,1
S5,497,254464,254976,3976.0,3984.0,2,1
S5,498,254976,255488,3984.0,3992.0,2,1
S5,499,255488,256000,3992.0,4000.0,2,1
S5,500,256000,256512,4000.0,4008.0,2,1
S5,501,256512,257024,4008.0,4016.0,2,1
S5,502,257024,257536,4016.0,4024.0,2,1
S5,503,257536,258048,4024.0,4032.0,2,1
S5,504,258048,258560,4032.0,4040.0,2,1
S5,505,258560,259072,4040.0,4048.0,2,1
S5,506,259072,259584,4048.0,4056.0,2,1
S5,507,259584,260096,4056.0,4064.0,2,1
S5,508,260096,260608,4064.0,4072.0,2,1
S5,509,260608,261120,4072.0,4080.0,2,1
S5,510,261120,261632,4080.0,4088.0,2,1
S5,511,261632,262144,4088.0,4096.0,2,1
S5,512,262144,262656,4096.0,4104.0,2,1
S5,513,262656,263168,4104.0,4112.0,2,1
S5,514,263168,263680,4112.0,4120.0,2,1
S5,515,263680,264192,4120.0,4128.0,2,1
S5,516,264192,264704,4128.0,4136.0,2,1
S5,517,264704,265216,4136.0,4144.0,2,1
S5,518,265216,265728,4144.0,4152.0,2,1
S5,519,265728,266240,4152.0,4160.0,2,1
S5,520,266240,266752,4160.0,4168.0,2,1
S5,521,266752,267264,4168.0,4176.0,2,1
S5,522,267264,267776,4176.0,4184.0,2,1
S5,523,267776,268288,4184.0,4192.0,2,1
S5,524,268288,268800,4192.0,4200.0,2,1
S5,525,268800,269312,4200.0,4208.0,2,1
S5,526,269312,269824,4208.0,4216.0,2,1
S5,527,269824,270336,4216.0,4224.0,2,1
S5,528,270336,270848,4224.0,4232.0,2,1
S5,529,270848,271360,4232.0,4240.0,2,1
S5,530,271360,271872,4240.0,4248.0,2,1
S5,685,350720,351232,5480.0,5488.0,4,0
S5,686,351232,351744,5488.0,5496.0,4,0
S5,687,351744,352256,5496.0,5504.0,4,0
S5,688,352256,352768,5504.0,5512.0,4,0
S5,689,352768,353280,5512.0,5520.0,4,0
S5,690,353280,353792,5520.0,5528.0,4,0
S5,691,353792,354304,5528.0,5536.0,4,0
S5,692,354304,354816,5536.0,5544.0,4,0
S5,693,354816,355328,5544.0,5552.0,4,0
S5,694,355328,355840,5552.0,5560.0,4,0
S5,695,355840,356352,5560.0,5568.0,4,0
S5,696,356352,356864,5568.0,5576.0,4,0
S5,697,356864,357376,5576.0,5584.0,4,0
S5,698,357376,357888,5584.0,5592.0,4,0
S5,699,357888,358400,5592.0,5600.0,4,0
S5,700,358400,358912,5600.0,5608.0,4,0
S5,701,358912,359424,5608.0,5616.0,4,0
S5,702,359424,359936,5616.0,5624.0,4,0
S5,703,359936,360448,5624.0,5632.0,4,0
S5,704,360448,360960,5632.0,5640.0,4,0
S5,705,360960,361472,5640.0,5648.0,4,0
S5,706,361472,361984,5648.0,5656.0,4,0
S5,707,361984,362496,5656.0,5664.0,4,0
S5,708,362496,363008,5664.0,5672.0,4,0
S5,709,363008,363520,5672.0,5680.0,4,0
S5,710,363520,364032,5680.0,5688.0,4,0
S5,711,364032,364544,5688.0,5696.0,4,0
S5,712,364544,365056,5696.0,5704.0,4,0
S5,713,365056,365568,5704.0,5712.0,4,0
S5,714,365568,366080,5712.0,5720.0,4,0
S5,715,366080,366592,5720.0,5728.0,4,0
S5,716,366592,367104,5728.0,5736.0,4,0
S5,717,367104,367616,5736.0,5744.0,4,0
S5,718,367616,368128,5744.0,5752.0,4,0
S5,719,368128,368640,5752.0,5760.0,4,0
S5,720,368640,369152,5760.0,5768.0,4,0
S5,721,369152,369664,5768.0,5776.0,4,0
S5,722,369664,370176,5776.0,5784.0,4,0
S5,723,370176,370688,5784.0,5792.0,4,0
S5,724,370688,371200,5792.0,5800.0,4,0
S5,725,371200,371712,5800.0,5808.0,4,0
S5,726,371712,372224,5808.0,5816.0,4,0
S5,727,372224,372736,5816.0,5824.0,4,0
S5,728,372736,373248,5824.0,5832.0,4,0
S5,729,373248,373760,5832.0,5840.0,4,0
S5,730,373760,374272,5840.0,5848.0,4,0
S5,731,374272,374784,5848.0,5856.0,4,0
S5,732,374784,375296,5856.0,5864.0,4,0
S5,733,375296,375808,5864.0,5872.0,4,0
S6,80,40960,41472,640.0,648.0,1,0
S6,81,41472,41984,648.0,656.0,1,0
S6,82,41984,42496,656.0,664.0,1,0
S6,83,42496,43008,664.0,672.0,1,0
S6,84,43008,43520,672.0,680.0,1,0
S6,85,43520,44032,680.0,688.0,1,0
S6,86,44032,44544,688.0,696.0,1,0
S6,87,44544,45056,696.0,704.0,1,0
S6,88,45056,45568,704.0,712.0,1,0
S6,89,45568,46080,712.0,720.0,1,0
S6,90,46080,46592,720.0,728.0,1,0
S6,91,46592,47104,728.0,736.0,1,0
S6,92,47104,47616,736.0,744.0,1,0
S6,93,47616,48128,744.0,752.0,1,0
S6,94,48128,48640,752.0,760.0,1,0
S6,95,48640,49152,760.0,768.0,1,0
S6,96,49152,49664,768.0,776.0,1,0
S6,97,49664,50176,776.0,784.0,1,0
S6,98,50176,50688,784.0,792.0,1,0
S6,99,50688,51200,792.0,800.0,1,0
S6,100,51200,51712,800.0,808.0,1,0
S6,101,51712,52224,808.0,816.0,1,0
S6,102,52224,52736,816.0,824.0,1,0
S6,103,52736,53248,824.0,832.0,1,0
S6,104,53248,53760,832.0,840.0,1,0
S6,105,53760,54272,840.0,848.0,1,0
S6,106,54272,54784,848.0,856.0,1,0
S6,107,54784,55296,856.0,864.0,1,0
S6,108,55296,55808,864.0,872.0,1,0
S6,109,55808,56320,872.0,880.0,1,0
S6,110,56320,56832,880.0,888.0,1,0
S6,111,56832,57344,888.0,896.0,1,0
S6,112,57344,57856,896.0,904.0,1,0
S6,113,57856,58368,904.0,912.0,1,0
S6,114,58368,58880,912.0,920.0,1,0
S6,115,58880,59392,920.0,928.0,1,0
S6,116,59392,59904,928.0,936.0,1,0
S6,117,59904,60416,936.0,944.0,1,0
S6,118,60416,60928,944.0,952.0,1,0
S6,119,60928,61440,952.0,960.0,1,0
S6,120,61440,61952,960.0,968.0,1,0
S6,121,61952,62464,968.0,976.0,1,0
S6,122,62464,62976,976.0,984.0,1,0
S6,123,62976,63488,984.0,992.0,1,0
S6,124,63488,64000,992.0,1000.0,1,0
S6,125,64000,64512,1000.0,1008.0,1,0
S6,126,64512,65024,1008.0,1016.0,1,0
S6,127,65024,65536,1016.0,1024.0,1,0
S6,128,65536,66048,1024.0,1032.0,1,0
S6,129,66048,66560,1032.0,1040.0,1,0
S6,130,66560,67072,1040.0,1048.0,1,0
S6,131,67072,67584,1048.0,1056.0,1,0
S6,132,67584,68096,1056.0,1064.0,1,0
S6,133,68096,68608,1064.0,1072.0,1,0
S6,134,68608,69120,1072.0,1080.0,1,0
S6,135,69120,69632,1080.0,1088.0,1,0
S6,136,69632,70144,1088.0,1096.0,1,0
S6,137,70144,70656,1096.0,1104.0,1,0
S6,138,70656,71168,1104.0,1112.0,1,0
S6,139,71168,71680,1112.0,1120.0,1,0
S6,140,71680,72192,1120.0,1128.0,1,0
S6,141,72192,72704,1128.0,1136.0,1,0
S6,142,72704,73216,1136.0,1144.0,1,0
S6,143,73216,73728,1144.0,1152.0,1,0
S6,144,73728,74240,1152.0,1160.0,1,0
S6,145,74240,74752,1160.0,1168.0,1,0
S6,146,74752,75264,1168.0,1176.0,1,0
S6,147,75264,75776,1176.0,1184.0,1,0
S6,148,75776,76288,1184.0,1192.0,1,0
S6,149,76288,76800,1192.0,1200.0,1,0
S6,150,76800,77312,1200.0,1208.0,1,0
S6,151,77312,77824,1208.0,1216.0,1,0
S6,152,77824,78336,1216.0,1224.0,1,0
S6,153,78336,78848,1224.0,1232.0,1,0
S6,154,78848,79360,1232.0,1240.0,1,0
S6,155,79360,79872,1240.0,1248.0,1,0
S6,156,79872,80384,1248.0,1256.0,1,0
S6,157,80384,80896,1256.0,1264.0,1,0
S6,158,80896,81408,1264.0,1272.0,1,0
S6,159,81408,81920,1272.0,1280.0,1,0
S6,160,81920,82432,1280.0,1288.0,1,0
S6,161,82432,82944,1288.0,1296.0,1,0
S6,162,82944,83456,1296.0,1304.0,1,0
S6,163,83456,83968,1304.0,1312.0,1,0
S6,164,83968,84480,1312.0,1320.0,1,0
S6,165,84480,84992,1320.0,1328.0,1,0
S6,166,84992,85504,1328.0,1336.0,1,0
S6,167,85504,86016,1336.0,1344.0,1,0
S6,168,86016,86528,1344.0,1352.0,1,0
S6,169,86528,87040,1352.0,1360.0,1,0
S6,170,87040,87552,1360.0,1368.0,1,0
S6,171,87552,88064,1368.0,1376.0,1,0
S6,172,88064,88576,1376.0,1384.0,1,0
S6,173,88576,89088,1384.0,1392.0,1,0
S6,174,89088,89600,1392.0,1400.0,1,0
S6,175,89600,90112,1400.0,1408.0,1,0
S6,176,90112,90624,1408.0,1416.0,1,0
S6,177,90624,91136,1416.0,1424.0,1,0
S6,178,91136,91648,1424.0,1432.0,1,0
S6,179,91648,92160,1432.0,1440.0,1,0
S6,180,92160,92672,1440.0,1448.0,1,0
S6,181,92672,93184,1448.0,1456.0,1,0
S6,182,93184,93696,1456.0,1464.0,1,0
S6,183,93696,94208,1464.0,1472.0,1,0
S6,184,94208,94720,1472.0,1480.0,1,0
S6,185,94720,95232,1480.0,1488.0,1,0
S6,186,95232,95744,1488.0,1496.0,1,0
S6,187,95744,96256,1496.0,1504.0,1,0
S6,188,96256,96768,1504.0,1512.0,1,0
S6,189,96768,97280,1512.0,1520.0,1,0
S6,190,97280,97792,1520.0,1528.0,1,0
S6,191,97792,98304,1528.0,1536.0,1,0
S6,192,98304,98816,1536.0,1544.0,1,0
S6,193,98816,99328,1544.0,1552.0,1,0
S6,194,99328,99840,1552.0,1560.0,1,0
S6,195,99840,100352,1560.0,1568.0,1,0
S6,196,100352,100864,1568.0,1576.0,1,0
S6,197,100864,101376,1576.0,1584.0,1,0
S6,198,101376,101888,1584.0,1592.0,1,0
S6,199,101888,102400,1592.0,1600.0,1,0
S6,200,102400,102912,1600.0,1608.0,1,0
S6,201,102912,103424,1608.0,1616.0,1,0
S6,202,103424,103936,1616.0,1624.0,1,0
S6,203,103936,104448,1624.0,1632.0,1,0
S6,204,104448,104960,1632.0,1640.0,1,0
S6,205,104960,105472,1640.0,1648.0,1,0
S6,206,105472,105984,1648.0,1656.0,1,0
S6,207,105984,106496,1656.0,1664.0,1,0
S6,208,106496,107008,1664.0,1672.0,1,0
S6,209,107008,107520,1672.0,1680.0,1,0
S6,210,107520,108032,1680.0,1688.0,1,0
S6,211,108032,108544,1688.0,1696.0,1,0
S6,212,108544,109056,1696.0,1704.0,1,0
S6,213,109056,109568,1704.0,1712.0,1,0
S6,214,109568,110080,1712.0,1720.0,1,0
S6,215,110080,110592,1720.0,1728.0,1,0
S6,216,110592,111104,1728.0,1736.0,1,0
S6,217,111104,111616,1736.0,1744.0,1,0
S6,218,111616,112128,1744.0,1752.0,1,0
S6,219,112128,112640,1752.0,1760.0,1,0
S6,220,112640,113152,1760.0,1768.0,1,0
S6,221,113152,113664,1768.0,1776.0,1,0
S6,222,113664,114176,1776.0,1784.0,1,0
S6,223,114176,114688,1784.0,1792.0,1,0
S6,224,114688,115200,1792.0,1800.0,1,0
S6,225,115200,115712,1800.0,1808.0,1,0
S6,226,115712,116224,1808.0,1816.0,1,0
S6,227,116224,116736,1816.0,1824.0,1,0
S6,305,156160,156672,2440.0,2448.0,2,1
S6,306,156672,157184,2448.0,2456.0,2,1
S6,307,157184,157696,2456.0,2464.0,2,1
S6,308,157696,158208,2464.0,2472.0,2,1
S6,309,158208,158720,2472.0,2480.0,2,1
S6,310,158720,159232,2480.0,2488.0,2,1
S6,311,159232,159744,2488.0,2496.0,2,1
S6,312,159744,160256,2496.0,2504.0,2,1
S6,313,160256,160768,2504.0,2512.0,2,1
S6,314,160768,161280,2512.0,2520.0,2,1
S6,315,161280,161792,2520.0,2528.0,2,1
S6,316,161792,162304,2528.0,2536.0,2,1
S6,317,162304,162816,2536.0,2544.0,2,1
S6,318,162816,163328,2544.0,2552.0,2,1
S6,319,163328,163840,2552.0,2560.0,2,1
S6,320,163840,164352,2560.0,2568.0,2,1
S6,321,164352,164864,2568.0,2576.0,2,1
S6,322,164864,165376,2576.0,2584.0,2,1
S6,323,165376,165888,2584.0,2592.0,2,1
S6,324,165888,166400,2592.0,2600.0,2,1
S6,325,166400,166912,2600.0,2608.0,2,1
S6,326,166912,167424,2608.0,2616.0,2,1
S6,327,167424,167936,2616.0,2624.0,2,1
S6,328,167936,168448,2624.0,2632.0,2,1
S6,329,168448,168960,2632.0,2640.0,2,1
S6,330,168960,169472,2640.0,2648.0,2,1
S6,331,169472,169984,2648.0,2656.0,2,1
S6,332,169984,170496,2656.0,2664.0,2,1
S6,333,170496,171008,2664.0,2672.0,2,1
S6,334,171008,171520,2672.0,2680.0,2,1
S6,335,171520,172032,2680.0,2688.0,2,1
S6,336,172032,172544,2688.0,2696.0,2,1
S6,337,172544,173056,2696.0,2704.0,2,1
S6,338,173056,173568,2704.0,2712.0,2,1
S6,339,173568,174080,2712.0,2720.0,2,1
S6,340,174080,174592,2720.0,2728.0,2,1
S6,341,174592,175104,2728.0,2736.0,2,1
S6,342,175104,175616,2736.0,2744.0,2,1
S6,343,175616,176128,2744.0,2752.0,2,1
S6,344,176128,176640,2752.0,2760.0,2,1
S6,345,176640,177152,2760.0,2768.0,2,1
S6,346,177152,177664,2768.0,2776.0,2,1
S6,347,177664,178176,2776.0,2784.0,2,1
S6,348,178176,178688,2784.0,2792.0,2,1
S6,349,178688,179200,2792.0,2800.0,2,1
S6,350,179200,179712,2800.0,2808.0,2,1
S6,351,179712,180224,2808.0,2816.0,2,1
S6,352,180224,180736,2816.0,2824.0,2,1
S6,353,180736,181248,2824.0,2832.0,2,1
S6,354,181248,181760,2832.0,2840.0,2,1
S6,355,181760,182272,2840.0,2848.0,2,1
S6,356,182272,182784,2848.0,2856.0,2,1
S6,357,182784,183296,2856.0,2864.0,2,1
S6,358,183296,183808,2864.0,2872.0,2,1
S6,359,183808,184320,2872.0,2880.0,2,1
S6,360,184320,184832,2880.0,2888.0,2,1
S6,361,184832,185344,2888.0,2896.0,2,1
S6,362,185344,185856,2896.0,2904.0,2,1
S6,363,185856,186368,2904.0,2912.0,2,1
S6,364,186368,186880,2912.0,2920.0,2,1
S6,365,186880,187392,2920.0,2928.0,2,1
S6,366,187392,187904,2928.0,2936.0,2,1
S6,367,187904,188416,2936.0,2944.0,2,1
S6,368,188416,188928,2944.0,2952.0,2,1
S6,369,188928,189440,2952.0,2960.0,2,1
S6,370,189440,189952,2960.0,2968.0,2,1
S6,371,189952,190464,2968.0,2976.0,2,1
S6,372,190464,190976,2976.0,2984.0,2,1
S6,373,190976,191488,2984.0,2992.0,2,1
S6,374,191488,192000,2992.0,3000.0,2,1
S6,375,192000,192512,3000.0,3008.0,2,1
S6,376,192512,193024,3008.0,3016.0,2,1
S6,377,193024,193536,3016.0,3024.0,2,1
S6,378,193536,194048,3024.0,3032.0,2,1
S6,379,194048,194560,3032.0,3040.0,2,1
S6,380,194560,195072,3040.0,3048.0,2,1
S6,381,195072,195584,3048.0,3056.0,2,1
S6,382,195584,196096,3056.0,3064.0,2,1
S6,383,196096,196608,3064.0,3072.0,2,1
S6,384,196608,197120,3072.0,3080.0,2,1
S6,385,197120,197632,3080.0,3088.0,2,1
S6,565,289280,289792,4520.0,4528.0,4,0
S6,566,289792,290304,4528.0,4536.0,4,0
S6,567,290304,290816,4536.0,4544.0,4,0
S6,568,290816,291328,4544.0,4552.0,4,0
S6,569,291328,291840,4552.0,4560.0,4,0
S6,570,291840,292352,4560.0,4568.0,4,0
S6,571,292352,292864,4568.0,4576.0,4,0
S6,572,292864,293376,4576.0,4584.0,4,0
S6,573,293376,293888,4584.0,4592.0,4,0
S6,574,293888,294400,4592.0,4600.0,4,0
S6,575,294400,294912,4600.0,4608.0,4,0
S6,576,294912,295424,4608.0,4616.0,4,0
S6,577,295424,295936,4616.0,4624.0,4,0
S6,578,295936,296448,4624.0,4632.0,4,0
S6,579,296448,296960,4632.0,4640.0,4,0
S6,580,296960,297472,4640.0,4648.0,4,0
S6,581,297472,297984,4648.0,4656.0,4,0
S6,582,297984,298496,4656.0,4664.0,4,0
S6,583,298496,299008,4664.0,4672.0,4,0
S6,584,299008,299520,4672.0,4680.0,4,0
S6,585,299520,300032,4680.0,4688.0,4,0
S6,586,300032,300544,4688.0,4696.0,4,0
S6,587,300544,301056,4696.0,4704.0,4,0
S6,588,301056,301568,4704.0,4712.0,4,0
S6,589,301568,302080,4712.0,4720.0,4,0
S6,590,302080,302592,4720.0,4728.0,4,0
S6,591,302592,303104,4728.0,4736.0,4,0
S6,592,303104,303616,4736.0,4744.0,4,0
S6,593,303616,304128,4744.0,4752.0,4,0
S6,594,304128,304640,4752.0,4760.0,4,0
S6,595,304640,305152,4760.0,4768.0,4,0
S6,596,305152,305664,4768.0,4776.0,4,0
S6,597,305664,306176,4776.0,4784.0,4,0
S6,598,306176,306688,4784.0,4792.0,4,0
S6,599,306688,307200,4792.0,4800.0,4,0
S6,600,307200,307712,4800.0,4808.0,4,0
S6,601,307712,308224,4808.0,4816.0,4,0
S6,602,308224,308736,4816.0,4824.0,4,0
S6,603,308736,309248,4824.0,4832.0,4,0
S6,604,309248,309760,4832.0,4840.0,4,0
S6,605,309760,310272,4840.0,4848.0,4,0
S6,606,310272,310784,4848.0,4856.0,4,0
S6,607,310784,311296,4856.0,4864.0,4,0
S6,608,311296,311808,4864.0,4872.0,4,0
S6,609,311808,312320,4872.0,4880.0,4,0
S6,610,312320,312832,4880.0,4888.0,4,0
S6,611,312832,313344,4888.0,4896.0,4,0
S6,612,313344,313856,4896.0,4904.0,4,0
S6,613,313856,314368,4904.0,4912.0,4,0
S6,614,314368,314880,4912.0,4920.0,4,0
S6,694,355328,355840,5552.0,5560.0,3,0
S6,695,355840,356352,5560.0,5568.0,3,0
S6,696,356352,356864,5568.0,5576.0,3,0
S6,697,356864,357376,5576.0,5584.0,3,0
S6,698,357376,357888,5584.0,5592.0,3,0
S6,699,357888,358400,5592.0,5600.0,3,0
S6,700,358400,358912,5600.0,5608.0,3,0
S6,701,358912,359424,5608.0,5616.0,3,0
S6,702,359424,359936,5616.0,5624.0,3,0
S6,703,359936,360448,5624.0,5632.0,3,0
S6,704,360448,360960,5632.0,5640.0,3,0
S6,705,360960,361472,5640.0,5648.0,3,0
S6,706,361472,361984,5648.0,5656.0,3,0
S6,707,361984,362496,5656.0,5664.0,3,0
S6,708,362496,363008,5664.0,5672.0,3,0
S6,709,363008,363520,5672.0,5680.0,3,0
S6,710,363520,364032,5680.0,5688.0,3,0
S6,711,364032,364544,5688.0,5696.0,3,0
S6,712,364544,365056,5696.0,5704.0,3,0
S6,713,365056,365568,5704.0,5712.0,3,0
S6,714,365568,366080,5712.0,5720.0,3,0
S6,715,366080,366592,5720.0,5728.0,3,0
S6,716,366592,367104,5728.0,5736.0,3,0
S6,717,367104,367616,5736.0,5744.0,3,0
S6,718,367616,368128,5744.0,5752.0,3,0
S6,719,368128,368640,5752.0,5760.0,3,0
S6,720,368640,369152,5760.0,5768.0,3,0
S6,721,369152,369664,5768.0,5776.0,3,0
S6,722,369664,370176,5776.0,5784.0,3,0
S6,723,370176,370688,5784.0,5792.0,3,0
S6,724,370688,371200,5792.0,5800.0,3,0
S6,725,371200,371712,5800.0,5808.0,3,0
S6,726,371712,372224,5808.0,5816.0,3,0
S6,727,372224,372736,5816.0,5824.0,3,0
S6,728,372736,373248,5824.0,5832.0,3,0
S6,729,373248,373760,5832.0,5840.0,3,0
S6,730,373760,374272,5840.0,5848.0,3,0
S6,731,374272,374784,5848.0,5856.0,3,0
S6,732,374784,375296,5856.0,5864.0,3,0
S6,733,375296,375808,5864.0,5872.0,3,0
S6,734,375808,376320,5872.0,5880.0,3,0
S6,735,376320,376832,5880.0,5888.0,3,0
S6,736,376832,377344,5888.0,5896.0,3,0
S6,737,377344,377856,5896.0,5904.0,3,0
S6,738,377856,378368,5904.0,5912.0,3,0
S6,739,378368,378880,5912.0,5920.0,3,0
S6,813,416256,416768,6504.0,6512.0,4,0
S6,814,416768,417280,6512.0,6520.0,4,0
S6,815,417280,417792,6520.0,6528.0,4,0
S6,816,417792,418304,6528.0,6536.0,4,0
S6,817,418304,418816,6536.0,6544.0,4,0
S6,818,418816,419328,6544.0,6552.0,4,0
S6,819,419328,419840,6552.0,6560.0,4,0
S6,820,419840,420352,6560.0,6568.0,4,0
S6,821,420352,420864,6568.0,6576.0,4,0
S6,822,420864,421376,6576.0,6584.0,4,0
S6,823,421376,421888,6584.0,6592.0,4,0
S6,824,421888,422400,6592.0,6600.0,4,0
S6,825,422400,422912,6600.0,6608.0,4,0
S6,826,422912,423424,6608.0,6616.0,4,0
S6,827,423424,423936,6616.0,6624.0,4,0
S6,828,423936,424448,6624.0,6632.0,4,0
S6,829,424448,424960,6632.0,6640.0,4,0
S6,830,424960,425472,6640.0,6648.0,4,0
S6,831,425472,425984,6648.0,6656.0,4,0
S6,832,425984,426496,6656.0,6664.0,4,0
S6,833,426496,427008,6664.0,6672.0,4,0
S6,834,427008,427520,6672.0,6680.0,4,0
S6,835,427520,428032,6680.0,6688.0,4,0
S6,836,428032,428544,6688.0,6696.0,4,0
S6,837,428544,429056,6696.0,6704.0,4,0
S6,838,429056,429568,6704.0,6712.0,4,0
S6,839,429568,430080,6712.0,6720.0,4,0
S6,840,430080,430592,6720.0,6728.0,4,0
S6,841,430592,431104,6728.0,6736.0,4,0
S6,842,431104,431616,6736.0,6744.0,4,0
S6,843,431616,432128,6744.0,6752.0,4,0
S6,844,432128,432640,6752.0,6760.0,4,0
S6,845,432640,433152,6760.0,6768.0,4,0
S6,846,433152,433664,6768.0,6776.0,4,0
S6,847,433664,434176,6776.0,6784.0,4,0
S6,848,434176,434688,6784.0,6792.0,4,0
S6,849,434688,435200,6792.0,6800.0,4,0
S6,850,435200,435712,6800.0,6808.0,4,0
S6,851,435712,436224,6808.0,6816.0,4,0
S6,852,436224,436736,6816.0,6824.0,4,0
S6,853,436736,437248,6824.0,6832.0,4,0
S6,854,437248,437760,6832.0,6840.0,4,0
S6,855,437760,438272,6840.0,6848.0,4,0
S6,856,438272,438784,6848.0,6856.0,4,0
S6,857,438784,439296,6856.0,6864.0,4,0
S6,858,439296,439808,6864.0,6872.0,4,0
S6,859,439808,440320,6872.0,6880.0,4,0
S6,860,440320,440832,6880.0,6888.0,4,0
S6,861,440832,441344,6888.0,6896.0,4,0
S7,13,6656,7168,104.0,112.0,1,0
S7,14,7168,7680,112.0,120.0,1,0
S7,15,7680,8192,120.0,128.0,1,0
S7,16,8192,8704,128.0,136.0,1,0
S7,17,8704,9216,136.0,144.0,1,0
S7,18,9216,9728,144.0,152.0,1,0
S7,19,9728,10240,152.0,160.0,1,0
S7,20,10240,10752,160.0,168.0,1,0
S7,21,10752,11264,168.0,176.0,1,0
S7,22,11264,11776,176.0,184.0,1,0
S7,23,11776,12288,184.0,192.0,1,0
S7,24,12288,12800,192.0,200.0,1,0
S7,25,12800,13312,200.0,208.0,1,0
S7,26,13312,13824,208.0,216.0,1,0
S7,27,13824,14336,216.0,224.0,1,0
S7,28,14336,14848,224.0,232.0,1,0
S7,29,14848,15360,232.0,240.0,1,0
S7,30,15360,15872,240.0,248.0,1,0
S7,31,15872,16384,248.0,256.0,1,0
S7,32,16384,16896,256.0,264.0,1,0
S7,33,16896,17408,264.0,272.0,1,0
S7,34,17408,17920,272.0,280.0,1,0
S7,35,17920,18432,280.0,288.0,1,0
S7,36,18432,18944,288.0,296.0,1,0
S7,37,18944,19456,296.0,304.0,1,0
S7,38,19456,19968,304.0,312.0,1,0
S7,39,19968,20480,312.0,320.0,1,0
S7,40,20480,20992,320.0,328.0,1,0
S7,41,20992,21504,328.0,336.0,1,0
S7,42,21504,22016,336.0,344.0,1,0
S7,43,22016,22528,344.0,352.0,1,0
S7,44,22528,23040,352.0,360.0,1,0
S7,45,23040,23552,360.0,368.0,1,0
S7,46,23552,24064,368.0,376.0,1,0
S7,47,24064,24576,376.0,384.0,1,0
S7,48,24576,25088,384.0,392.0,1,0
S7,49,25088,25600,392.0,400.0,1,0
S7,50,25600,26112,400.0,408.0,1,0
S7,51,26112,26624,408.0,416.0,1,0
S7,52,26624,27136,416.0,424.0,1,0
S7,53,27136,27648,424.0,432.0,1,0
S7,54,27648,28160,432.0,440.0,1,0
S7,55,28160,28672,440.0,448.0,1,0
S7,56,28672,29184,448.0,456.0,1,0
S7,57,29184,29696,456.0,464.0,1,0
S7,58,29696,30208,464.0,472.0,1,0
S7,59,30208,30720,472.0,480.0,1,0
S7,60,30720,31232,480.0,488.0,1,0
S7,61,31232,31744,488.0,496.0,1,0
S7,62,31744,32256,496.0,504.0,1,0
S7,63,32256,32768,504.0,512.0,1,0
S7,64,32768,33280,512.0,520.0,1,0
S7,65,33280,33792,520.0,528.0,1,0
S7,66,33792,34304,528.0,536.0,1,0
S7,67,34304,34816,536.0,544.0,1,0
S7,68,34816,35328,544.0,552.0,1,0
S7,69,35328,35840,552.0,560.0,1,0
S7,70,35840,36352,560.0,568.0,1,0
S7,71,36352,36864,568.0,576.0,1,0
S7,72,36864,37376,576.0,584.0,1,0
S7,73,37376,37888,584.0,592.0,1,0
S7,74,37888,38400,592.0,600.0,1,0
S7,75,38400,38912,600.0,608.0,1,0
S7,76,38912,39424,608.0,616.0,1,0
S7,77,39424,39936,616.0,624.0,1,0
S7,78,39936,40448,624.0,632.0,1,0
S7,79,40448,40960,632.0,640.0,1,0
S7,80,40960,41472,640.0,648.0,1,0
S7,81,41472,41984,648.0,656.0,1,0
S7,82,41984,42496,656.0,664.0,1,0
S7,83,42496,43008,664.0,672.0,1,0
S7,84,43008,43520,672.0,680.0,1,0
S7,85,43520,44032,680.0,688.0,1,0
S7,86,44032,44544,688.0,696.0,1,0
S7,87,44544,45056,696.0,704.0,1,0
S7,88,45056,45568,704.0,712.0,1,0
S7,89,45568,46080,712.0,720.0,1,0
S7,90,46080,46592,720.0,728.0,1,0
S7,91,46592,47104,728.0,736.0,1,0
S7,92,47104,47616,736.0,744.0,1,0
S7,93,47616,48128,744.0,752.0,1,0
S7,94,48128,48640,752.0,760.0,1,0
S7,95,48640,49152,760.0,768.0,1,0
S7,96,49152,49664,768.0,776.0,1,0
S7,97,49664,50176,776.0,784.0,1,0
S7,98,50176,50688,784.0,792.0,1,0
S7,99,50688,51200,792.0,800.0,1,0
S7,100,51200,51712,800.0,808.0,1,0
S7,101,51712,52224,808.0,816.0,1,0
S7,102,52224,52736,816.0,824.0,1,0
S7,103,52736,53248,824.0,832.0,1,0
S7,104,53248,53760,832.0,840.0,1,0
S7,105,53760,54272,840.0,848.0,1,0
S7,106,54272,54784,848.0,856.0,1,0
S7,107,54784,55296,856.0,864.0,1,0
S7,108,55296,55808,864.0,872.0,1,0
S7,109,55808,56320,872.0,880.0,1,0
S7,110,56320,56832,880.0,888.0,1,0
S7,111,56832,57344,888.0,896.0,1,0
S7,112,57344,57856,896.0,904.0,1,0
S7,113,57856,58368,904.0,912.0,1,0
S7,114,58368,58880,912.0,920.0,1,0
S7,115,58880,59392,920.0,928.0,1,0
S7,116,59392,59904,928.0,936.0,1,0
S7,117,59904,60416,936.0,944.0,1,0
S7,118,60416,60928,944.0,952.0,1,0
S7,119,60928,61440,952.0,960.0,1,0
S7,120,61440,61952,960.0,968.0,1,0
S7,121,61952,62464,968.0,976.0,1,0
S7,122,62464,62976,976.0,984.0,1,0
S7,123,62976,63488,984.0,992.0,1,0
S7,124,63488,64000,992.0,1000.0,1,0
S7,125,64000,64512,1000.0,1008.0,1,0
S7,126,64512,65024,1008.0,1016.0,1,0
S7,127,65024,65536,1016.0,1024.0,1,0
S7,128,65536,66048,1024.0,1032.0,1,0
S7,129,66048,66560,1032.0,1040.0,1,0
S7,130,66560,67072,1040.0,1048.0,1,0
S7,131,67072,67584,1048.0,1056.0,1,0
S7,132,67584,68096,1056.0,1064.0,1,0
S7,133,68096,68608,1064.0,1072.0,1,0
S7,134,68608,69120,1072.0,1080.0,1,0
S7,135,69120,69632,1080.0,1088.0,1,0
S7,136,69632,70144,1088.0,1096.0,1,0
S7,137,70144,70656,1096.0,1104.0,1,0
S7,138,70656,71168,1104.0,1112.0,1,0
S7,139,71168,71680,1112.0,1120.0,1,0
S7,140,71680,72192,1120.0,1128.0,1,0
S7,141,72192,72704,1128.0,1136.0,1,0
S7,142,72704,73216,1136.0,1144.0,1,0
S7,143,73216,73728,1144.0,1152.0,1,0
S7,144,73728,74240,1152.0,1160.0,1,0
S7,145,74240,74752,1160.0,1168.0,1,0
S7,146,74752,75264,1168.0,1176.0,1,0
S7,147,75264,75776,1176.0,1184.0,1,0
S7,148,75776,76288,1184.0,1192.0,1,0
S7,149,76288,76800,1192.0,1200.0,1,0
S7,150,76800,77312,1200.0,1208.0,1,0
S7,151,77312,77824,1208.0,1216.0,1,0
S7,152,77824,78336,1216.0,1224.0,1,0
S7,153,78336,78848,1224.0,1232.0,1,0
S7,154,78848,79360,1232.0,1240.0,1,0
S7,155,79360,79872,1240.0,1248.0,1,0
S7,156,79872,80384,1248.0,1256.0,1,0
S7,157,80384,80896,1256.0,1264.0,1,0
S7,158,80896,81408,1264.0,1272.0,1,0
S7,159,81408,81920,1272.0,1280.0,1,0
S7,160,81920,82432,1280.0,1288.0,1,0
S7,194,99328,99840,1552.0,1560.0,3,0
S7,195,99840,100352,1560.0,1568.0,3,0
S7,196,100352,100864,1568.0,1576.0,3,0
S7,197,100864,101376,1576.0,1584.0,3,0
S7,198,101376,101888,1584.0,1592.0,3,0
S7,199,101888,102400,1592.0,1600.0,3,0
S7,200,102400,102912,1600.0,1608.0,3,0
S7,201,102912,103424,1608.0,1616.0,3,0
S7,202,103424,103936,1616.0,1624.0,3,0
S7,203,103936,104448,1624.0,1632.0,3,0
S7,204,104448,104960,1632.0,1640.0,3,0
S7,205,104960,105472,1640.0,1648.0,3,0
S7,206,105472,105984,1648.0,1656.0,3,0
S7,207,105984,106496,1656.0,1664.0,3,0
S7,208,106496,107008,1664.0,1672.0,3,0
S7,209,107008,107520,1672.0,1680.0,3,0
S7,210,107520,108032,1680.0,1688.0,3,0
S7,211,108032,108544,1688.0,1696.0,3,0
S7,212,108544,109056,1696.0,1704.0,3,0
S7,213,109056,109568,1704.0,1712.0,3,0
S7,214,109568,110080,1712.0,1720.0,3,0
S7,215,110080,110592,1720.0,1728.0,3,0
S7,216,110592,111104,1728.0,1736.0,3,0
S7,217,111104,111616,1736.0,1744.0,3,0
S7,218,111616,112128,1744.0,1752.0,3,0
S7,219,112128,112640,1752.0,1760.0,3,0
S7,220,112640,113152,1760.0,1768.0,3,0
S7,221,113152,113664,1768.0,1776.0,3,0
S7,222,113664,114176,1776.0,1784.0,3,0
S7,223,114176,114688,1784.0,1792.0,3,0
S7,224,114688,115200,1792.0,1800.0,3,0
S7,225,115200,115712,1800.0,1808.0,3,0
S7,226,115712,116224,1808.0,1816.0,3,0
S7,227,116224,116736,1816.0,1824.0,3,0
S7,228,116736,117248,1824.0,1832.0,3,0
S7,229,117248,117760,1832.0,1840.0,3,0
S7,230,117760,118272,1840.0,1848.0,3,0
S7,231,118272,118784,1848.0,1856.0,3,0
S7,232,118784,119296,1856.0,1864.0,3,0
S7,233,119296,119808,1864.0,1872.0,3,0
S7,234,119808,120320,1872.0,1880.0,3,0
S7,235,120320,120832,1880.0,1888.0,3,0
S7,236,120832,121344,1888.0,1896.0,3,0
S7,237,121344,121856,1896.0,1904.0,3,0
S7,238,121856,122368,1904.0,1912.0,3,0
S7,239,122368,122880,1912.0,1920.0,3,0
S7,276,141312,141824,2208.0,2216.0,4,0
S7,277,141824,142336,2216.0,2224.0,4,0
S7,278,142336,142848,2224.0,2232.0,4,0
S7,279,142848,143360,2232.0,2240.0,4,0
S7,280,143360,143872,2240.0,2248.0,4,0
S7,281,143872,144384,2248.0,2256.0,4,0
S7,282,144384,144896,2256.0,2264.0,4,0
S7,283,144896,145408,2264.0,2272.0,4,0
S7,284,145408,145920,2272.0,2280.0,4,0
S7,285,145920,146432,2280.0,2288.0,4,0
S7,286,146432,146944,2288.0,2296.0,4,0
S7,287,146944,147456,2296.0,2304.0,4,0
S7,288,147456,147968,2304.0,2312.0,4,0
S7,289,147968,148480,2312.0,2320.0,4,0
S7,290,148480,148992,2320.0,2328.0,4,0
S7,291,148992,149504,2328.0,2336.0,4,0
S7,292,149504,150016,2336.0,2344.0,4,0
S7,293,150016,150528,2344.0,2352.0,4,0
S7,294,150528,151040,2352.0,2360.0,4,0
S7,295,151040,151552,2360.0,2368.0,4,0
S7,296,151552,152064,2368.0,2376.0,4,0
S7,297,152064,152576,2376.0,2384.0,4,0
S7,298,152576,153088,2384.0,2392.0,4,0
S7,299,153088,153600,2392.0,2400.0,4,0
S7,300,153600,154112,2400.0,2408.0,4,0
S7,301,154112,154624,2408.0,2416.0,4,0
S7,302,154624,155136,2416.0,2424.0,4,0
S7,303,155136,155648,2424.0,2432.0,4,0
S7,304,155648,156160,2432.0,2440.0,4,0
S7,305,156160,156672,2440.0,2448.0,4,0
S7,306,156672,157184,2448.0,2456.0,4,0
S7,307,157184,157696,2456.0,2464.0,4,0
S7,308,157696,158208,2464.0,2472.0,4,0
S7,309,158208,158720,2472.0,2480.0,4,0
S7,310,158720,159232,2480.0,2488.0,4,0
S7,311,159232,159744,2488.0,2496.0,4,0
S7,312,159744,160256,2496.0,2504.0,4,0
S7,313,160256,160768,2504.0,2512.0,4,0
S7,314,160768,161280,2512.0,2520.0,4,0
S7,315,161280,161792,2520.0,2528.0,4,0
S7,316,161792,162304,2528.0,2536.0,4,0
S7,317,162304,162816,2536.0,2544.0,4,0
S7,318,162816,163328,2544.0,2552.0,4,0
S7,319,163328,163840,2552.0,2560.0,4,0
S7,320,163840,164352,2560.0,2568.0,4,0
S7,321,164352,164864,2568.0,2576.0,4,0
S7,322,164864,165376,2576.0,2584.0,4,0
S7,323,165376,165888,2584.0,2592.0,4,0
S7,324,165888,166400,2592.0,2600.0,4,0
S7,325,166400,166912,2600.0,2608.0,4,0
S7,387,198144,198656,3096.0,3104.0,2,1
S7,388,198656,199168,3104.0,3112.0,2,1
S7,389,199168,199680,3112.0,3120.0,2,1
S7,390,199680,200192,3120.0,3128.0,2,1
S7,391,200192,200704,3128.0,3136.0,2,1
S7,392,200704,201216,3136.0,3144.0,2,1
S7,393,201216,201728,3144.0,3152.0,2,1
S7,394,201728,202240,3152.0,3160.0,2,1
S7,395,202240,202752,3160.0,3168.0,2,1
S7,396,202752,203264,3168.0,3176.0,2,1
S7,397,203264,203776,3176.0,3184.0,2,1
S7,398,203776,204288,3184.0,3192.0,2,1
S7,399,204288,204800,3192.0,3200.0,2,1
S7,400,204800,205312,3200.0,3208.0,2,1
S7,401,205312,205824,3208.0,3216.0,2,1
S7,402,205824,206336,3216.0,3224.0,2,1
S7,403,206336,206848,3224.0,3232.0,2,1
S7,404,206848,207360,3232.0,3240.0,2,1
S7,405,207360,207872,3240.0,3248.0,2,1
S7,406,207872,208384,3248.0,3256.0,2,1
S7,407,208384,208896,3256.0,3264.0,2,1
S7,408,208896,209408,3264.0,3272.0,2,1
S7,409,209408,209920,3272.0,3280.0,2,1
S7,410,209920,210432,3280.0,3288.0,2,1
S7,411,210432,210944,3288.0,3296.0,2,1
S7,412,210944,211456,3296.0,3304.0,2,1
S7,413,211456,211968,3304.0,3312.0,2,1
S7,414,211968,212480,3312.0,3320.0,2,1
S7,415,212480,212992,3320.0,3328.0,2,1
S7,416,212992,213504,3328.0,3336.0,2,1
S7,417,213504,214016,3336.0,3344.0,2,1
S7,418,214016,214528,3344.0,3352.0,2,1
S7,419,214528,215040,3352.0,3360.0,2,1
S7,420,215040,215552,3360.0,3368.0,2,1
S7,421,215552,216064,3368.0,3376.0,2,1
S7,422,216064,216576,3376.0,3384.0,2,1
S7,423,216576,217088,3384.0,3392.0,2,1
S7,424,217088,217600,3392.0,3400.0,2,1
S7,425,217600,218112,3400.0,3408.0,2,1
S7,426,218112,218624,3408.0,3416.0,2,1
S7,427,218624,219136,3416.0,3424.0,2,1
S7,428,219136,219648,3424.0,3432.0,2,1
S7,429,219648,220160,3432.0,3440.0,2,1
S7,430,220160,220672,3440.0,3448.0,2,1
S7,431,220672,221184,3448.0,3456.0,2,1
S7,432,221184,221696,3456.0,3464.0,2,1
S7,433,221696,222208,3464.0,3472.0,2,1
S7,434,222208,222720,3472.0,3480.0,2,1
S7,435,222720,223232,3480.0,3488.0,2,1
S7,436,223232,223744,3488.0,3496.0,2,1
S7,437,223744,224256,3496.0,3504.0,2,1
S7,438,224256,224768,3504.0,3512.0,2,1
S7,439,224768,225280,3512.0,3520.0,2,1
S7,440,225280,225792,3520.0,3528.0,2,1
S7,441,225792,226304,3528.0,3536.0,2,1
S7,442,226304,226816,3536.0,3544.0,2,1
S7,443,226816,227328,3544.0,3552.0,2,1
S7,444,227328,227840,3552.0,3560.0,2,1
S7,445,227840,228352,3560.0,3568.0,2,1
S7,446,228352,228864,3568.0,3576.0,2,1
S7,447,228864,229376,3576.0,3584.0,2,1
S7,448,229376,229888,3584.0,3592.0,2,1
S7,449,229888,230400,3592.0,3600.0,2,1
S7,450,230400,230912,3600.0,3608.0,2,1
S7,451,230912,231424,3608.0,3616.0,2,1
S7,452,231424,231936,3616.0,3624.0,2,1
S7,453,231936,232448,3624.0,3632.0,2,1
S7,454,232448,232960,3632.0,3640.0,2,1
S7,455,232960,233472,3640.0,3648.0,2,1
S7,456,233472,233984,3648.0,3656.0,2,1
S7,457,233984,234496,3656.0,3664.0,2,1
S7,458,234496,235008,3664.0,3672.0,2,1
S7,459,235008,235520,3672.0,3680.0,2,1
S7,460,235520,236032,3680.0,3688.0,2,1
S7,461,236032,236544,3688.0,3696.0,2,1
S7,462,236544,237056,3696.0,3704.0,2,1
S7,463,237056,237568,3704.0,3712.0,2,1
S7,464,237568,238080,3712.0,3720.0,2,1
S7,465,238080,238592,3720.0,3728.0,2,1
S7,466,238592,239104,3728.0,3736.0,2,1
S7,582,297984,298496,4656.0,4664.0,4,0
S7,583,298496,299008,4664.0,4672.0,4,0
S7,584,299008,299520,4672.0,4680.0,4,0
S7,585,299520,300032,4680.0,4688.0,4,0
S7,586,300032,300544,4688.0,4696.0,4,0
S7,587,300544,301056,4696.0,4704.0,4,0
S7,588,301056,301568,4704.0,4712.0,4,0
S7,589,301568,302080,4712.0,4720.0,4,0
S7,590,302080,302592,4720.0,4728.0,4,0
S7,591,302592,303104,4728.0,4736.0,4,0
S7,592,303104,303616,4736.0,4744.0,4,0
S7,593,303616,304128,4744.0,4752.0,4,0
S7,594,304128,304640,4752.0,4760.0,4,0
S7,595,304640,305152,4760.0,4768.0,4,0
S7,596,305152,305664,4768.0,4776.0,4,0
S7,597,305664,306176,4776.0,4784.0,4,0
S7,598,306176,306688,4784.0,4792.0,4,0
S7,599,306688,307200,4792.0,4800.0,4,0
S7,600,307200,307712,4800.0,4808.0,4,0
S7,601,307712,308224,4808.0,4816.0,4,0
S7,602,308224,308736,4816.0,4824.0,4,0
S7,603,308736,309248,4824.0,4832.0,4,0
S7,604,309248,309760,4832.0,4840.0,4,0
S7,605,309760,310272,4840.0,4848.0,4,0
S7,606,310272,310784,4848.0,4856.0,4,0
S7,607,310784,311296,4856.0,4864.0,4,0
S7,608,311296,311808,4864.0,4872.0,4,0
S7,609,311808,312320,4872.0,4880.0,4,0
S7,610,312320,312832,4880.0,4888.0,4,0
S7,611,312832,313344,4888.0,4896.0,4,0
S7,612,313344,313856,4896.0,4904.0,4,0
S7,613,313856,314368,4904.0,4912.0,4,0
S7,614,314368,314880,4912.0,4920.0,4,0
S7,615,314880,315392,4920.0,4928.0,4,0
S7,616,315392,315904,4928.0,4936.0,4,0
S7,617,315904,316416,4936.0,4944.0,4,0
S7,618,316416,316928,4944.0,4952.0,4,0
S7,619,316928,317440,4952.0,4960.0,4,0
S7,620,317440,317952,4960.0,4968.0,4,0
S7,621,317952,318464,4968.0,4976.0,4,0
S7,622,318464,318976,4976.0,4984.0,4,0
S7,623,318976,319488,4984.0,4992.0,4,0
S7,624,319488,320000,4992.0,5000.0,4,0
S7,625,320000,320512,5000.0,5008.0,4,0
S7,626,320512,321024,5008.0,5016.0,4,0
S7,627,321024,321536,5016.0,5024.0,4,0
S7,628,321536,322048,5024.0,5032.0,4,0
S7,629,322048,322560,5032.0,5040.0,4,0
S7,630,322560,323072,5040.0,5048.0,4,0
S8,20,10240,10752,160.0,168.0,1,0
S8,21,10752,11264,168.0,176.0,1,0
S8,22,11264,11776,176.0,184.0,1,0
S8,23,11776,12288,184.0,192.0,1,0
S8,24,12288,12800,192.0,200.0,1,0
S8,25,12800,13312,200.0,208.0,1,0
S8,26,13312,13824,208.0,216.0,1,0
S8,27,13824,14336,216.0,224.0,1,0
S8,28,14336,14848,224.0,232.0,1,0
S8,29,14848,15360,232.0,240.0,1,0
S8,30,15360,15872,240.0,248.0,1,0
S8,31,15872,16384,248.0,256.0,1,0
S8,32,16384,16896,256.0,264.0,1,0
S8,33,16896,17408,264.0,272.0,1,0
S8,34,17408,17920,272.0,280.0,1,0
S8,35,17920,18432,280.0,288.0,1,0
S8,36,18432,18944,288.0,296.0,1,0
S8,37,18944,19456,296.0,304.0,1,0
S8,38,19456,19968,304.0,312.0,1,0
S8,39,19968,20480,312.0,320.0,1,0
S8,40,20480,20992,320.0,328.0,1,0
S8,41,20992,21504,328.0,336.0,1,0
S8,42,21504,22016,336.0,344.0,1,0
S8,43,22016,22528,344.0,352.0,1,0
S8,44,22528,23040,352.0,360.0,1,0
S8,45,23040,23552,360.0,368.0,1,0
S8,46,23552,24064,368.0,376.0,1,0
S8,47,24064,24576,376.0,384.0,1,0
S8,48,24576,25088,384.0,392.0,1,0
S8,49,25088,25600,392.0,400.0,1,0
S8,50,25600,26112,400.0,408.0,1,0
S8,51,26112,26624,408.0,416.0,1,0
S8,52,26624,27136,416.0,424.0,1,0
S8,53,27136,27648,424.0,432.0,1,0
S8,54,27648,28160,432.0,440.0,1,0
S8,55,28160,28672,440.0,448.0,1,0
S8,56,28672,29184,448.0,456.0,1,0
S8,57,29184,29696,456.0,464.0,1,0
S8,58,29696,30208,464.0,472.0,1,0
S8,59,30208,30720,472.0,480.0,1,0
S8,60,30720,31232,480.0,488.0,1,0
S8,61,31232,31744,488.0,496.0,1,0
S8,62,31744,32256,496.0,504.0,1,0
S8,63,32256,32768,504.0,512.0,1,0
S8,64,32768,33280,512.0,520.0,1,0
S8,65,33280,33792,520.0,528.0,1,0
S8,66,33792,34304,528.0,536.0,1,0
S8,67,34304,34816,536.0,544.0,1,0
S8,68,34816,35328,544.0,552.0,1,0
S8,69,35328,35840,552.0,560.0,1,0
S8,70,35840,36352,560.0,568.0,1,0
S8,71,36352,36864,568.0,576.0,1,0
S8,72,36864,37376,576.0,584.0,1,0
S8,73,37376,37888,584.0,592.0,1,0
S8,74,37888,38400,592.0,600.0,1,0
S8,75,38400,38912,600.0,608.0,1,0
S8,76,38912,39424,608.0,616.0,1,0
S8,77,39424,39936,616.0,624.0,1,0
S8,78,39936,40448,624.0,632.0,1,0
S8,79,40448,40960,632.0,640.0,1,0
S8,80,40960,41472,640.0,648.0,1,0
S8,81,41472,41984,648.0,656.0,1,0
S8,82,41984,42496,656.0,664.0,1,0
S8,83,42496,43008,664.0,672.0,1,0
S8,84,43008,43520,672.0,680.0,1,0
S8,85,43520,44032,680.0,688.0,1,0
S8,86,44032,44544,688.0,696.0,1,0
S8,87,44544,45056,696.0,704.0,1,0
S8,88,45056,45568,704.0,712.0,1,0
S8,89,45568,46080,712.0,720.0,1,0
S8,90,46080,46592,720.0,728.0,1,0
S8,91,46592,47104,728.0,736.0,1,0
S8,92,47104,47616,736.0,744.0,1,0
S8,93,47616,48128,744.0,752.0,1,0
S8,94,48128,48640,752.0,760.0,1,0
S8,95,48640,49152,760.0,768.0,1,0
S8,96,49152,49664,768.0,776.0,1,0
S8,97,49664,50176,776.0,784.0,1,0
S8,98,50176,50688,784.0,792.0,1,0
S8,99,50688,51200,792.0,800.0,1,0
S8,100,51200,51712,800.0,808.0,1,0
S8,101,51712,52224,808.0,816.0,1,0
S8,102,52224,52736,816.0,824.0,1,0
S8,103,52736,53248,824.0,832.0,1,0
S8,104,53248,53760,832.0,840.0,1,0
S8,105,53760,54272,840.0,848.0,1,0
S8,106,54272,54784,848.0,856.0,1,0
S8,107,54784,55296,856.0,864.0,1,0
S8,108,55296,55808,864.0,872.0,1,0
S8,109,55808,56320,872.0,880.0,1,0
S8,110,56320,56832,880.0,888.0,1,0
S8,111,56832,57344,888.0,896.0,1,0
S8,112,57344,57856,896.0,904.0,1,0
S8,113,57856,58368,904.0,912.0,1,0
S8,114,58368,58880,912.0,920.0,1,0
S8,115,58880,59392,920.0,928.0,1,0
S8,116,59392,59904,928.0,936.0,1,0
S8,117,59904,60416,936.0,944.0,1,0
S8,118,60416,60928,944.0,952.0,1,0
S8,119,60928,61440,952.0,960.0,1,0
S8,120,61440,61952,960.0,968.0,1,0
S8,121,61952,62464,968.0,976.0,1,0
S8,122,62464,62976,976.0,984.0,1,0
S8,123,62976,63488,984.0,992.0,1,0
S8,124,63488,64000,992.0,1000.0,1,0
S8,125,64000,64512,1000.0,1008.0,1,0
S8,126,64512,65024,1008.0,1016.0,1,0
S8,127,65024,65536,1016.0,1024.0,1,0
S8,128,65536,66048,1024.0,1032.0,1,0
S8,129,66048,66560,1032.0,1040.0,1,0
S8,130,66560,67072,1040.0,1048.0,1,0
S8,131,67072,67584,1048.0,1056.0,1,0
S8,132,67584,68096,1056.0,1064.0,1,0
S8,133,68096,68608,1064.0,1072.0,1,0
S8,134,68608,69120,1072.0,1080.0,1,0
S8,135,69120,69632,1080.0,1088.0,1,0
S8,136,69632,70144,1088.0,1096.0,1,0
S8,137,70144,70656,1096.0,1104.0,1,0
S8,138,70656,71168,1104.0,1112.0,1,0
S8,139,71168,71680,1112.0,1120.0,1,0
S8,140,71680,72192,1120.0,1128.0,1,0
S8,141,72192,72704,1128.0,1136.0,1,0
S8,142,72704,73216,1136.0,1144.0,1,0
S8,143,73216,73728,1144.0,1152.0,1,0
S8,144,73728,74240,1152.0,1160.0,1,0
S8,145,74240,74752,1160.0,1168.0,1,0
S8,146,74752,75264,1168.0,1176.0,1,0
S8,147,75264,75776,1176.0,1184.0,1,0
S8,148,75776,76288,1184.0,1192.0,1,0
S8,149,76288,76800,1192.0,1200.0,1,0
S8,150,76800,77312,1200.0,1208.0,1,0
S8,151,77312,77824,1208.0,1216.0,1,0
S8,152,77824,78336,1216.0,1224.0,1,0
S8,153,78336,78848,1224.0,1232.0,1,0
S8,154,78848,79360,1232.0,1240.0,1,0
S8,155,79360,79872,1240.0,1248.0,1,0
S8,156,79872,80384,1248.0,1256.0,1,0
S8,157,80384,80896,1256.0,1264.0,1,0
S8,158,80896,81408,1264.0,1272.0,1,0
S8,159,81408,81920,1272.0,1280.0,1,0
S8,160,81920,82432,1280.0,1288.0,1,0
S8,161,82432,82944,1288.0,1296.0,1,0
S8,162,82944,83456,1296.0,1304.0,1,0
S8,163,83456,83968,1304.0,1312.0,1,0
S8,164,83968,84480,1312.0,1320.0,1,0
S8,165,84480,84992,1320.0,1328.0,1,0
S8,208,106496,107008,1664.0,1672.0,3,0
S8,209,107008,107520,1672.0,1680.0,3,0
S8,210,107520,108032,1680.0,1688.0,3,0
S8,211,108032,108544,1688.0,1696.0,3,0
S8,212,108544,109056,1696.0,1704.0,3,0
S8,213,109056,109568,1704.0,1712.0,3,0
S8,214,109568,110080,1712.0,1720.0,3,0
S8,215,110080,110592,1720.0,1728.0,3,0
S8,216,110592,111104,1728.0,1736.0,3,0
S8,217,111104,111616,1736.0,1744.0,3,0
S8,218,111616,112128,1744.0,1752.0,3,0
S8,219,112128,112640,1752.0,1760.0,3,0
S8,220,112640,113152,1760.0,1768.0,3,0
S8,221,113152,113664,1768.0,1776.0,3,0
S8,222,113664,114176,1776.0,1784.0,3,0
S8,223,114176,114688,1784.0,1792.0,3,0
S8,224,114688,115200,1792.0,1800.0,3,0
S8,225,115200,115712,1800.0,1808.0,3,0
S8,226,115712,116224,1808.0,1816.0,3,0
S8,227,116224,116736,1816.0,1824.0,3,0
S8,228,116736,117248,1824.0,1832.0,3,0
S8,229,117248,117760,1832.0,1840.0,3,0
S8,230,117760,118272,1840.0,1848.0,3,0
S8,231,118272,118784,1848.0,1856.0,3,0
S8,232,118784,119296,1856.0,1864.0,3,0
S8,233,119296,119808,1864.0,1872.0,3,0
S8,234,119808,120320,1872.0,1880.0,3,0
S8,235,120320,120832,1880.0,1888.0,3,0
S8,236,120832,121344,1888.0,1896.0,3,0
S8,237,121344,121856,1896.0,1904.0,3,0
S8,238,121856,122368,1904.0,1912.0,3,0
S8,239,122368,122880,1912.0,1920.0,3,0
S8,240,122880,123392,1920.0,1928.0,3,0
S8,241,123392,123904,1928.0,1936.0,3,0
S8,242,123904,124416,1936.0,1944.0,3,0
S8,243,124416,124928,1944.0,1952.0,3,0
S8,244,124928,125440,1952.0,1960.0,3,0
S8,245,125440,125952,1960.0,1968.0,3,0
S8,246,125952,126464,1968.0,1976.0,3,0
S8,247,126464,126976,1976.0,1984.0,3,0
S8,248,126976,127488,1984.0,1992.0,3,0
S8,249,127488,128000,1992.0,2000.0,3,0
S8,250,128000,128512,2000.0,2008.0,3,0
S8,251,128512,129024,2008.0,2016.0,3,0
S8,252,129024,129536,2016.0,2024.0,3,0
S8,253,129536,130048,2024.0,2032.0,3,0
S8,289,147968,148480,2312.0,2320.0,4,0
S8,290,148480,148992,2320.0,2328.0,4,0
S8,291,148992,149504,2328.0,2336.0,4,0
S8,292,149504,150016,2336.0,2344.0,4,0
S8,293,150016,150528,2344.0,2352.0,4,0
S8,294,150528,151040,2352.0,2360.0,4,0
S8,295,151040,151552,2360.0,2368.0,4,0
S8,296,151552,152064,2368.0,2376.0,4,0
S8,297,152064,152576,2376.0,2384.0,4,0
S8,298,152576,153088,2384.0,2392.0,4,0
S8,299,153088,153600,2392.0,2400.0,4,0
S8,300,153600,154112,2400.0,2408.0,4,0
S8,301,154112,154624,2408.0,2416.0,4,0
S8,302,154624,155136,2416.0,2424.0,4,0
S8,303,155136,155648,2424.0,2432.0,4,0
S8,304,155648,156160,2432.0,2440.0,4,0
S8,305,156160,156672,2440.0,2448.0,4,0
S8,306,156672,157184,2448.0,2456.0,4,0
S8,307,157184,157696,2456.0,2464.0,4,0
S8,308,157696,158208,2464.0,2472.0,4,0
S8,309,158208,158720,2472.0,2480.0,4,0
S8,310,158720,159232,2480.0,2488.0,4,0
S8,311,159232,159744,2488.0,2496.0,4,0
S8,312,159744,160256,2496.0,2504.0,4,0
S8,313,160256,160768,2504.0,2512.0,4,0
S8,314,160768,161280,2512.0,2520.0,4,0
S8,315,161280,161792,2520.0,2528.0,4,0
S8,316,161792,162304,2528.0,2536.0,4,0
S8,317,162304,162816,2536.0,2544.0,4,0
S8,318,162816,163328,2544.0,2552.0,4,0
S8,319,163328,163840,2552.0,2560.0,4,0
S8,320,163840,164352,2560.0,2568.0,4,0
S8,321,164352,164864,2568.0,2576.0,4,0
S8,322,164864,165376,2576.0,2584.0,4,0
S8,323,165376,165888,2584.0,2592.0,4,0
S8,324,165888,166400,2592.0,2600.0,4,0
S8,325,166400,166912,2600.0,2608.0,4,0
S8,326,166912,167424,2608.0,2616.0,4,0
S8,327,167424,167936,2616.0,2624.0,4,0
S8,328,167936,168448,2624.0,2632.0,4,0
S8,329,168448,168960,2632.0,2640.0,4,0
S8,330,168960,169472,2640.0,2648.0,4,0
S8,331,169472,169984,2648.0,2656.0,4,0
S8,332,169984,170496,2656.0,2664.0,4,0
S8,333,170496,171008,2664.0,2672.0,4,0
S8,334,171008,171520,2672.0,2680.0,4,0
S8,335,171520,172032,2680.0,2688.0,4,0
S8,336,172032,172544,2688.0,2696.0,4,0
S8,337,172544,173056,2696.0,2704.0,4,0
S8,338,173056,173568,2704.0,2712.0,4,0
S8,412,210944,211456,3296.0,3304.0,2,1
S8,413,211456,211968,3304.0,3312.0,2,1
S8,414,211968,212480,3312.0,3320.0,2,1
S8,415,212480,212992,3320.0,3328.0,2,1
S8,416,212992,213504,3328.0,3336.0,2,1
S8,417,213504,214016,3336.0,3344.0,2,1
S8,418,214016,214528,3344.0,3352.0,2,1
S8,419,214528,215040,3352.0,3360.0,2,1
S8,420,215040,215552,3360.0,3368.0,2,1
S8,421,215552,216064,3368.0,3376.0,2,1
S8,422,216064,216576,3376.0,3384.0,2,1
S8,423,216576,217088,3384.0,3392.0,2,1
S8,424,217088,217600,3392.0,3400.0,2,1
S8,425,217600,218112,3400.0,3408.0,2,1
S8,426,218112,218624,3408.0,3416.0,2,1
S8,427,218624,219136,3416.0,3424.0,2,1
S8,428,219136,219648,3424.0,3432.0,2,1
S8,429,219648,220160,3432.0,3440.0,2,1
S8,430,220160,220672,3440.0,3448.0,2,1
S8,431,220672,221184,3448.0,3456.0,2,1
S8,432,221184,221696,3456.0,3464.0,2,1
S8,433,221696,222208,3464.0,3472.0,2,1
S8,434,222208,222720,3472.0,3480.0,2,1
S8,435,222720,223232,3480.0,3488.0,2,1
S8,436,223232,223744,3488.0,3496.0,2,1
S8,437,223744,224256,3496.0,3504.0,2,1
S8,438,224256,224768,3504.0,3512.0,2,1
S8,439,224768,225280,3512.0,3520.0,2,1
S8,440,225280,225792,3520.0,3528.0,2,1
S8,441,225792,226304,3528.0,3536.0,2,1
S8,442,226304,226816,3536.0,3544.0,2,1
S8,443,226816,227328,3544.0,3552.0,2,1
S8,444,227328,227840,3552.0,3560.0,2,1
S8,445,227840,228352,3560.0,3568.0,2,1
S8,446,228352,228864,3568.0,3576.0,2,1
S8,447,228864,229376,3576.0,3584.0,2,1
S8,448,229376,229888,3584.0,3592.0,2,1
S8,449,229888,230400,3592.0,3600.0,2,1
S8,450,230400,230912,3600.0,3608.0,2,1
S8,451,230912,231424,3608.0,3616.0,2,1
S8,452,231424,231936,3616.0,3624.0,2,1
S8,453,231936,232448,3624.0,3632.0,2,1
S8,454,232448,232960,3632.0,3640.0,2,1
S8,455,232960,233472,3640.0,3648.0,2,1
S8,456,233472,233984,3648.0,3656.0,2,1
S8,457,233984,234496,3656.0,3664.0,2,1
S8,458,234496,235008,3664.0,3672.0,2,1
S8,459,235008,235520,3672.0,3680.0,2,1
S8,460,235520,236032,3680.0,3688.0,2,1
S8,461,236032,236544,3688.0,3696.0,2,1
S8,462,236544,237056,3696.0,3704.0,2,1
S8,463,237056,237568,3704.0,3712.0,2,1
S8,464,237568,238080,3712.0,3720.0,2,1
S8,465,238080,238592,3720.0,3728.0,2,1
S8,466,238592,239104,3728.0,3736.0,2,1
S8,467,239104,239616,3736.0,3744.0,2,1
S8,468,239616,240128,3744.0,3752.0,2,1
S8,469,240128,240640,3752.0,3760.0,2,1
S8,470,240640,241152,3760.0,3768.0,2,1
S8,471,241152,241664,3768.0,3776.0,2,1
S8,472,241664,242176,3776.0,3784.0,2,1
S8,473,242176,242688,3784.0,3792.0,2,1
S8,474,242688,243200,3792.0,3800.0,2,1
S8,475,243200,243712,3800.0,3808.0,2,1
S8,476,243712,244224,3808.0,3816.0,2,1
S8,477,244224,244736,3816.0,3824.0,2,1
S8,478,244736,245248,3824.0,3832.0,2,1
S8,479,245248,245760,3832.0,3840.0,2,1
S8,480,245760,246272,3840.0,3848.0,2,1
S8,481,246272,246784,3848.0,3856.0,2,1
S8,482,246784,247296,3856.0,3864.0,2,1
S8,483,247296,247808,3864.0,3872.0,2,1
S8,484,247808,248320,3872.0,3880.0,2,1
S8,485,248320,248832,3880.0,3888.0,2,1
S8,486,248832,249344,3888.0,3896.0,2,1
S8,487,249344,249856,3896.0,3904.0,2,1
S8,488,249856,250368,3904.0,3912.0,2,1
S8,489,250368,250880,3912.0,3920.0,2,1
S8,490,250880,251392,3920.0,3928.0,2,1
S8,491,251392,251904,3928.0,3936.0,2,1
S8,492,251904,252416,3936.0,3944.0,2,1
S8,493,252416,252928,3944.0,3952.0,2,1
S8,494,252928,253440,3952.0,3960.0,2,1
S8,612,313344,313856,4896.0,4904.0,4,0
S8,613,313856,314368,4904.0,4912.0,4,0
S8,614,314368,314880,4912.0,4920.0,4,0
S8,615,314880,315392,4920.0,4928.0,4,0
S8,616,315392,315904,4928.0,4936.0,4,0
S8,617,315904,316416,4936.0,4944.0,4,0
S8,618,316416,316928,4944.0,4952.0,4,0
S8,619,316928,317440,4952.0,4960.0,4,0
S8,620,317440,317952,4960.0,4968.0,4,0
S8,621,317952,318464,4968.0,4976.0,4,0
S8,622,318464,318976,4976.0,4984.0,4,0
S8,623,318976,319488,4984.0,4992.0,4,0
S8,624,319488,320000,4992.0,5000.0,4,0
S8,625,320000,320512,5000.0,5008.0,4,0
S8,626,320512,321024,5008.0,5016.0,4,0
S8,627,321024,321536,5016.0,5024.0,4,0
S8,628,321536,322048,5024.0,5032.0,4,0
S8,629,322048,322560,5032.0,5040.0,4,0
S8,630,322560,323072,5040.0,5048.0,4,0
S8,631,323072,323584,5048.0,5056.0,4,0
S8,632,323584,324096,5056.0,5064.0,4,0
S8,633,324096,324608,5064.0,5072.0,4,0
S8,634,324608,325120,5072.0,5080.0,4,0
S8,635,325120,325632,5080.0,5088.0,4,0
S8,636,325632,326144,5088.0,5096.0,4,0
S8,637,326144,326656,5096.0,5104.0,4,0
S8,638,326656,327168,5104.0,5112.0,4,0
S8,639,327168,327680,5112.0,5120.0,4,0
S8,640,327680,328192,5120.0,5128.0,4,0
S8,641,328192,328704,5128.0,5136.0,4,0
S8,642,328704,329216,5136.0,5144.0,4,0
S8,643,329216,329728,5144.0,5152.0,4,0
S8,644,329728,330240,5152.0,5160.0,4,0
S8,645,330240,330752,5160.0,5168.0,4,0
S8,646,330752,331264,5168.0,5176.0,4,0
S8,647,331264,331776,5176.0,5184.0,4,0
S8,648,331776,332288,5184.0,5192.0,4,0
S8,649,332288,332800,5192.0,5200.0,4,0
S8,650,332800,333312,5200.0,5208.0,4,0
S8,651,333312,333824,5208.0,5216.0,4,0
S8,652,333824,334336,5216.0,5224.0,4,0
S8,653,334336,334848,5224.0,5232.0,4,0
S8,654,334848,335360,5232.0,5240.0,4,0
S8,655,335360,335872,5240.0,5248.0,4,0
S8,656,335872,336384,5248.0,5256.0,4,0
S8,657,336384,336896,5256.0,5264.0,4,0
S8,658,336896,337408,5264.0,5272.0,4,0
S8,659,337408,337920,5272.0,5280.0,4,0
S8,660,337920,338432,5280.0,5288.0,4,0
S8,661,338432,338944,5288.0,5296.0,4,0
S9,9,4608,5120,72.0,80.0,1,0
S9,10,5120,5632,80.0,88.0,1,0
S9,11,5632,6144,88.0,96.0,1,0
S9,12,6144,6656,96.0,104.0,1,0
S9,13,6656,7168,104.0,112.0,1,0
S9,14,7168,7680,112.0,120.0,1,0
S9,15,7680,8192,120.0,128.0,1,0
S9,16,8192,8704,128.0,136.0,1,0
S9,17,8704,9216,136.0,144.0,1,0
S9,18,9216,9728,144.0,152.0,1,0
S9,19,9728,10240,152.0,160.0,1,0
S9,20,10240,10752,160.0,168.0,1,0
S9,21,10752,11264,168.0,176.0,1,0
S9,22,11264,11776,176.0,184.0,1,0
S9,23,11776,12288,184.0,192.0,1,0
S9,24,12288,12800,192.0,200.0,1,0
S9,25,12800,13312,200.0,208.0,1,0
S9,26,13312,13824,208.0,216.0,1,0
S9,27,13824,14336,216.0,224.0,1,0
S9,28,14336,14848,224.0,232.0,1,0
S9,29,14848,15360,232.0,240.0,1,0
S9,30,15360,15872,240.0,248.0,1,0
S9,31,15872,16384,248.0,256.0,1,0
S9,32,16384,16896,256.0,264.0,1,0
S9,33,16896,17408,264.0,272.0,1,0
S9,34,17408,17920,272.0,280.0,1,0
S9,35,17920,18432,280.0,288.0,1,0
S9,36,18432,18944,288.0,296.0,1,0
S9,37,18944,19456,296.0,304.0,1,0
S9,38,19456,19968,304.0,312.0,1,0
S9,39,19968,20480,312.0,320.0,1,0
S9,40,20480,20992,320.0,328.0,1,0
S9,41,20992,21504,328.0,336.0,1,0
S9,42,21504,22016,336.0,344.0,1,0
S9,43,22016,22528,344.0,352.0,1,0
S9,44,22528,23040,352.0,360.0,1,0
S9,45,23040,23552,360.0,368.0,1,0
S9,46,23552,24064,368.0,376.0,1,0
S9,47,24064,24576,376.0,384.0,1,0
S9,48,24576,25088,384.0,392.0,1,0
S9,49,25088,25600,392.0,400.0,1,0
S9,50,25600,26112,400.0,408.0,1,0
S9,51,26112,26624,408.0,416.0,1,0
S9,52,26624,27136,416.0,424.0,1,0
S9,53,27136,27648,424.0,432.0,1,0
S9,54,27648,28160,432.0,440.0,1,0
S9,55,28160,28672,440.0,448.0,1,0
S9,56,28672,29184,448.0,456.0,1,0
S9,57,29184,29696,456.0,464.0,1,0
S9,58,29696,30208,464.0,472.0,1,0
S9,59,30208,30720,472.0,480.0,1,0
S9,60,30720,31232,480.0,488.0,1,0
S9,61,31232,31744,488.0,496.0,1,0
S9,62,31744,32256,496.0,504.0,1,0
S9,63,32256,32768,504.0,512.0,1,0
S9,64,32768,33280,512.0,520.0,1,0
S9,65,33280,33792,520.0,528.0,1,0
S9,66,33792,34304,528.0,536.0,1,0
S9,67,34304,34816,536.0,544.0,1,0
S9,68,34816,35328,544.0,552.0,1,0
S9,69,35328,35840,552.0,560.0,1,0
S9,70,35840,36352,560.0,568.0,1,0
S9,71,36352,36864,568.0,576.0,1,0
S9,72,36864,37376,576.0,584.0,1,0
S9,73,37376,37888,584.0,592.0,1,0
S9,74,37888,38400,592.0,600.0,1,0
S9,75,38400,38912,600.0,608.0,1,0
S9,76,38912,39424,608.0,616.0,1,0
S9,77,39424,39936,616.0,624.0,1,0
S9,78,39936,40448,624.0,632.0,1,0
S9,79,40448,40960,632.0,640.0,1,0
S9,80,40960,41472,640.0,648.0,1,0
S9,81,41472,41984,648.0,656.0,1,0
S9,82,41984,42496,656.0,664.0,1,0
S9,83,42496,43008,664.0,672.0,1,0
S9,84,43008,43520,672.0,680.0,1,0
S9,85,43520,44032,680.0,688.0,1,0
S9,86,44032,44544,688.0,696.0,1,0
S9,87,44544,45056,696.0,704.0,1,0
S9,88,45056,45568,704.0,712.0,1,0
S9,89,45568,46080,712.0,720.0,1,0
S9,90,46080,46592,720.0,728.0,1,0
S9,91,46592,47104,728.0,736.0,1,0
S9,92,47104,47616,736.0,744.0,1,0
S9,93,47616,48128,744.0,752.0,1,0
S9,94,48128,48640,752.0,760.0,1,0
S9,95,48640,49152,760.0,768.0,1,0
S9,96,49152,49664,768.0,776.0,1,0
S9,97,49664,50176,776.0,784.0,1,0
S9,98,50176,50688,784.0,792.0,1,0
S9,99,50688,51200,792.0,800.0,1,0
S9,100,51200,51712,800.0,808.0,1,0
S9,101,51712,52224,808.0,816.0,1,0
S9,102,52224,52736,816.0,824.0,1,0
S9,103,52736,53248,824.0,832.0,1,0
S9,104,53248,53760,832.0,840.0,1,0
S9,105,53760,54272,840.0,848.0,1,0
S9,106,54272,54784,848.0,856.0,1,0
S9,107,54784,55296,856.0,864.0,1,0
S9,108,55296,55808,864.0,872.0,1,0
S9,109,55808,56320,872.0,880.0,1,0
S9,110,56320,56832,880.0,888.0,1,0
S9,111,56832,57344,888.0,896.0,1,0
S9,112,57344,57856,896.0,904.0,1,0
S9,113,57856,58368,904.0,912.0,1,0
S9,114,58368,58880,912.0,920.0,1,0
S9,115,58880,59392,920.0,928.0,1,0
S9,116,59392,59904,928.0,936.0,1,0
S9,117,59904,60416,936.0,944.0,1,0
S9,118,60416,60928,944.0,952.0,1,0
S9,119,60928,61440,952.0,960.0,1,0
S9,120,61440,61952,960.0,968.0,1,0
S9,121,61952,62464,968.0,976.0,1,0
S9,122,62464,62976,976.0,984.0,1,0
S9,123,62976,63488,984.0,992.0,1,0
S9,124,63488,64000,992.0,1000.0,1,0
S9,125,64000,64512,1000.0,1008.0,1,0
S9,126,64512,65024,1008.0,1016.0,1,0
S9,127,65024,65536,1016.0,1024.0,1,0
S9,128,65536,66048,1024.0,1032.0,1,0
S9,129,66048,66560,1032.0,1040.0,1,0
S9,130,66560,67072,1040.0,1048.0,1,0
S9,131,67072,67584,1048.0,1056.0,1,0
S9,132,67584,68096,1056.0,1064.0,1,0
S9,133,68096,68608,1064.0,1072.0,1,0
S9,134,68608,69120,1072.0,1080.0,1,0
S9,135,69120,69632,1080.0,1088.0,1,0
S9,136,69632,70144,1088.0,1096.0,1,0
S9,137,70144,70656,1096.0,1104.0,1,0
S9,138,70656,71168,1104.0,1112.0,1,0
S9,139,71168,71680,1112.0,1120.0,1,0
S9,140,71680,72192,1120.0,1128.0,1,0
S9,141,72192,72704,1128.0,1136.0,1,0
S9,142,72704,73216,1136.0,1144.0,1,0
S9,143,73216,73728,1144.0,1152.0,1,0
S9,144,73728,74240,1152.0,1160.0,1,0
S9,145,74240,74752,1160.0,1168.0,1,0
S9,146,74752,75264,1168.0,1176.0,1,0
S9,147,75264,75776,1176.0,1184.0,1,0
S9,148,75776,76288,1184.0,1192.0,1,0
S9,149,76288,76800,1192.0,1200.0,1,0
S9,150,76800,77312,1200.0,1208.0,1,0
S9,151,77312,77824,1208.0,1216.0,1,0
S9,152,77824,78336,1216.0,1224.0,1,0
S9,153,78336,78848,1224.0,1232.0,1,0
S9,154,78848,79360,1232.0,1240.0,1,0
S9,155,79360,79872,1240.0,1248.0,1,0
S9,156,79872,80384,1248.0,1256.0,1,0
S9,234,119808,120320,1872.0,1880.0,2,1
S9,235,120320,120832,1880.0,1888.0,2,1
S9,236,120832,121344,1888.0,1896.0,2,1
S9,237,121344,121856,1896.0,1904.0,2,1
S9,238,121856,122368,1904.0,1912.0,2,1
S9,239,122368,122880,1912.0,1920.0,2,1
S9,240,122880,123392,1920.0,1928.0,2,1
S9,241,123392,123904,1928.0,1936.0,2,1
S9,242,123904,124416,1936.0,1944.0,2,1
S9,243,124416,124928,1944.0,1952.0,2,1
S9,244,124928,125440,1952.0,1960.0,2,1
S9,245,125440,125952,1960.0,1968.0,2,1
S9,246,125952,126464,1968.0,1976.0,2,1
S9,247,126464,126976,1976.0,1984.0,2,1
S9,248,126976,127488,1984.0,1992.0,2,1
S9,249,127488,128000,1992.0,2000.0,2,1
S9,250,128000,128512,2000.0,2008.0,2,1
S9,251,128512,129024,2008.0,2016.0,2,1
S9,252,129024,129536,2016.0,2024.0,2,1
S9,253,129536,130048,2024.0,2032.0,2,1
S9,254,130048,130560,2032.0,2040.0,2,1
S9,255,130560,131072,2040.0,2048.0,2,1
S9,256,131072,131584,2048.0,2056.0,2,1
S9,257,131584,132096,2056.0,2064.0,2,1
S9,258,132096,132608,2064.0,2072.0,2,1
S9,259,132608,133120,2072.0,2080.0,2,1
S9,260,133120,133632,2080.0,2088.0,2,1
S9,261,133632,134144,2088.0,2096.0,2,1
S9,262,134144,134656,2096.0,2104.0,2,1
S9,263,134656,135168,2104.0,2112.0,2,1
S9,264,135168,135680,2112.0,2120.0,2,1
S9,265,135680,136192,2120.0,2128.0,2,1
S9,266,136192,136704,2128.0,2136.0,2,1
S9,267,136704,137216,2136.0,2144.0,2,1
S9,268,137216,137728,2144.0,2152.0,2,1
S9,269,137728,138240,2152.0,2160.0,2,1
S9,270,138240,138752,2160.0,2168.0,2,1
S9,271,138752,139264,2168.0,2176.0,2,1
S9,272,139264,139776,2176.0,2184.0,2,1
S9,273,139776,140288,2184.0,2192.0,2,1
S9,274,140288,140800,2192.0,2200.0,2,1
S9,275,140800,141312,2200.0,2208.0,2,1
S9,276,141312,141824,2208.0,2216.0,2,1
S9,277,141824,142336,2216.0,2224.0,2,1
S9,278,142336,142848,2224.0,2232.0,2,1
S9,279,142848,143360,2232.0,2240.0,2,1
S9,280,143360,143872,2240.0,2248.0,2,1
S9,281,143872,144384,2248.0,2256.0,2,1
S9,282,144384,144896,2256.0,2264.0,2,1
S9,283,144896,145408,2264.0,2272.0,2,1
S9,284,145408,145920,2272.0,2280.0,2,1
S9,285,145920,146432,2280.0,2288.0,2,1
S9,286,146432,146944,2288.0,2296.0,2,1
S9,287,146944,147456,2296.0,2304.0,2,1
S9,288,147456,147968,2304.0,2312.0,2,1
S9,289,147968,148480,2312.0,2320.0,2,1
S9,290,148480,148992,2320.0,2328.0,2,1
S9,291,148992,149504,2328.0,2336.0,2,1
S9,292,149504,150016,2336.0,2344.0,2,1
S9,293,150016,150528,2344.0,2352.0,2,1
S9,294,150528,151040,2352.0,2360.0,2,1
S9,295,151040,151552,2360.0,2368.0,2,1
S9,296,151552,152064,2368.0,2376.0,2,1
S9,297,152064,152576,2376.0,2384.0,2,1
S9,298,152576,153088,2384.0,2392.0,2,1
S9,299,153088,153600,2392.0,2400.0,2,1
S9,300,153600,154112,2400.0,2408.0,2,1
S9,301,154112,154624,2408.0,2416.0,2,1
S9,302,154624,155136,2416.0,2424.0,2,1
S9,303,155136,155648,2424.0,2432.0,2,1
S9,304,155648,156160,2432.0,2440.0,2,1
S9,305,156160,156672,2440.0,2448.0,2,1
S9,306,156672,157184,2448.0,2456.0,2,1
S9,307,157184,157696,2456.0,2464.0,2,1
S9,308,157696,158208,2464.0,2472.0,2,1
S9,309,158208,158720,2472.0,2480.0,2,1
S9,310,158720,159232,2480.0,2488.0,2,1
S9,311,159232,159744,2488.0,2496.0,2,1
S9,312,159744,160256,2496.0,2504.0,2,1
S9,313,160256,160768,2504.0,2512.0,2,1
S9,314,160768,161280,2512.0,2520.0,2,1
S9,439,224768,225280,3512.0,3520.0,4,0
S9,440,225280,225792,3520.0,3528.0,4,0
S9,441,225792,226304,3528.0,3536.0,4,0
S9,442,226304,226816,3536.0,3544.0,4,0
S9,443,226816,227328,3544.0,3552.0,4,0
S9,444,227328,227840,3552.0,3560.0,4,0
S9,445,227840,228352,3560.0,3568.0,4,0
S9,446,228352,228864,3568.0,3576.0,4,0
S9,447,228864,229376,3576.0,3584.0,4,0
S9,448,229376,229888,3584.0,3592.0,4,0
S9,449,229888,230400,3592.0,3600.0,4,0
S9,450,230400,230912,3600.0,3608.0,4,0
S9,451,230912,231424,3608.0,3616.0,4,0
S9,452,231424,231936,3616.0,3624.0,4,0
S9,453,231936,232448,3624.0,3632.0,4,0
S9,454,232448,232960,3632.0,3640.0,4,0
S9,455,232960,233472,3640.0,3648.0,4,0
S9,456,233472,233984,3648.0,3656.0,4,0
S9,457,233984,234496,3656.0,3664.0,4,0
S9,458,234496,235008,3664.0,3672.0,4,0
S9,459,235008,235520,3672.0,3680.0,4,0
S9,460,235520,236032,3680.0,3688.0,4,0
S9,461,236032,236544,3688.0,3696.0,4,0
S9,462,236544,237056,3696.0,3704.0,4,0
S9,463,237056,237568,3704.0,3712.0,4,0
S9,464,237568,238080,3712.0,3720.0,4,0
S9,465,238080,238592,3720.0,3728.0,4,0
S9,466,238592,239104,3728.0,3736.0,4,0
S9,467,239104,239616,3736.0,3744.0,4,0
S9,468,239616,240128,3744.0,3752.0,4,0
S9,469,240128,240640,3752.0,3760.0,4,0
S9,470,240640,241152,3760.0,3768.0,4,0
S9,471,241152,241664,3768.0,3776.0,4,0
S9,472,241664,242176,3776.0,3784.0,4,0
S9,473,242176,242688,3784.0,3792.0,4,0
S9,474,242688,243200,3792.0,3800.0,4,0
S9,475,243200,243712,3800.0,3808.0,4,0
S9,476,243712,244224,3808.0,3816.0,4,0
S9,477,244224,244736,3816.0,3824.0,4,0
S9,478,244736,245248,3824.0,3832.0,4,0
S9,479,245248,245760,3832.0,3840.0,4,0
S9,480,245760,246272,3840.0,3848.0,4,0
S9,481,246272,246784,3848.0,3856.0,4,0
S9,482,246784,247296,3856.0,3864.0,4,0
S9,483,247296,247808,3864.0,3872.0,4,0
S9,484,247808,248320,3872.0,3880.0,4,0
S9,485,248320,248832,3880.0,3888.0,4,0
S9,486,248832,249344,3888.0,3896.0,4,0
S9,487,249344,249856,3896.0,3904.0,4,0
S9,507,259584,260096,4056.0,4064.0,3,0
S9,508,260096,260608,4064.0,4072.0,3,0
S9,509,260608,261120,4072.0,4080.0,3,0
S9,510,261120,261632,4080.0,4088.0,3,0
S9,511,261632,262144,4088.0,4096.0,3,0
S9,512,262144,262656,4096.0,4104.0,3,0
S9,513,262656,263168,4104.0,4112.0,3,0
S9,514,263168,263680,4112.0,4120.0,3,0
S9,515,263680,264192,4120.0,4128.0,3,0
S9,516,264192,264704,4128.0,4136.0,3,0
S9,517,264704,265216,4136.0,4144.0,3,0
S9,518,265216,265728,4144.0,4152.0,3,0
S9,519,265728,266240,4152.0,4160.0,3,0
S9,520,266240,266752,4160.0,4168.0,3,0
S9,521,266752,267264,4168.0,4176.0,3,0
S9,522,267264,267776,4176.0,4184.0,3,0
S9,523,267776,268288,4184.0,4192.0,3,0
S9,524,268288,268800,4192.0,4200.0,3,0
S9,525,268800,269312,4200.0,4208.0,3,0
S9,526,269312,269824,4208.0,4216.0,3,0
S9,527,269824,270336,4216.0,4224.0,3,0
S9,528,270336,270848,4224.0,4232.0,3,0
S9,529,270848,271360,4232.0,4240.0,3,0
S9,530,271360,271872,4240.0,4248.0,3,0
S9,531,271872,272384,4248.0,4256.0,3,0
S9,532,272384,272896,4256.0,4264.0,3,0
S9,533,272896,273408,4264.0,4272.0,3,0
S9,534,273408,273920,4272.0,4280.0,3,0
S9,535,273920,274432,4280.0,4288.0,3,0
S9,536,274432,274944,4288.0,4296.0,3,0
S9,537,274944,275456,4296.0,4304.0,3,0
S9,538,275456,275968,4304.0,4312.0,3,0
S9,539,275968,276480,4312.0,4320.0,3,0
S9,540,276480,276992,4320.0,4328.0,3,0
S9,541,276992,277504,4328.0,4336.0,3,0
S9,542,277504,278016,4336.0,4344.0,3,0
S9,543,278016,278528,4344.0,4352.0,3,0
S9,544,278528,279040,4352.0,4360.0,3,0
S9,545,279040,279552,4360.0,4368.0,3,0
S9,546,279552,280064,4368.0,4376.0,3,0
S9,547,280064,280576,4376.0,4384.0,3,0
S9,548,280576,281088,4384.0,4392.0,3,0
S9,549,281088,281600,4392.0,4400.0,3,0
S9,550,281600,282112,4400.0,4408.0,3,0
S9,551,282112,282624,4408.0,4416.0,3,0
S9,552,282624,283136,4416.0,4424.0,3,0
S9,553,283136,283648,4424.0,4432.0,3,0
S9,587,300544,301056,4696.0,4704.0,4,0
S9,588,301056,301568,4704.0,4712.0,4,0
S9,589,301568,302080,4712.0,4720.0,4,0
S9,590,302080,302592,4720.0,4728.0,4,0
S9,591,302592,303104,4728.0,4736.0,4,0
S9,592,303104,303616,4736.0,4744.0,4,0
S9,593,303616,304128,4744.0,4752.0,4,0
S9,594,304128,304640,4752.0,4760.0,4,0
S9,595,304640,305152,4760.0,4768.0,4,0
S9,596,305152,305664,4768.0,4776.0,4,0
S9,597,305664,306176,4776.0,4784.0,4,0
S9,598,306176,306688,4784.0,4792.0,4,0
S9,599,306688,307200,4792.0,4800.0,4,0
S9,600,307200,307712,4800.0,4808.0,4,0
S9,601,307712,308224,4808.0,4816.0,4,0
S9,602,308224,308736,4816.0,4824.0,4,0
S9,603,308736,309248,4824.0,4832.0,4,0
S9,604,309248,309760,4832.0,4840.0,4,0
S9,605,309760,310272,4840.0,4848.0,4,0
S9,606,310272,310784,4848.0,4856.0,4,0
S9,607,310784,311296,4856.0,4864.0,4,0
S9,608,311296,311808,4864.0,4872.0,4,0
S9,609,311808,312320,4872.0,4880.0,4,0
S9,610,312320,312832,4880.0,4888.0,4,0
S9,611,312832,313344,4888.0,4896.0,4,0
S9,612,313344,313856,4896.0,4904.0,4,0
S9,613,313856,314368,4904.0,4912.0,4,0
S9,614,314368,314880,4912.0,4920.0,4,0
S9,615,314880,315392,4920.0,4928.0,4,0
S9,616,315392,315904,4928.0,4936.0,4,0
S9,617,315904,316416,4936.0,4944.0,4,0
S9,618,316416,316928,4944.0,4952.0,4,0
S9,619,316928,317440,4952.0,4960.0,4,0
S9,620,317440,317952,4960.0,4968.0,4,0
S9,621,317952,318464,4968.0,4976.0,4,0
S9,622,318464,318976,4976.0,4984.0,4,0
S9,623,318976,319488,4984.0,4992.0,4,0
S9,624,319488,320000,4992.0,5000.0,4,0
S9,625,320000,320512,5000.0,5008.0,4,0
S9,626,320512,321024,5008.0,5016.0,4,0
S9,627,321024,321536,5016.0,5024.0,4,0
S9,628,321536,322048,5024.0,5032.0,4,0
S9,629,322048,322560,5032.0,5040.0,4,0
S9,630,322560,323072,5040.0,5048.0,4,0
S9,631,323072,323584,5048.0,5056.0,4,0
S9,632,323584,324096,5056.0,5064.0,4,0
S9,633,324096,324608,5064.0,5072.0,4,0
S9,634,324608,325120,5072.0,5080.0,4,0
S9,635,325120,325632,5080.0,5088.0,4,0
